rem,seccion,seccion_nombre,codigo_prestacion,detalle_prestacion,detalle_niveles,fila_excel
A05,A,INGRESOS DE GESTANTES A PROGRAMA PRENATAL,01080008,Gestantes Ingresadas,Gestantes Ingresadas,11
A05,A,INGRESOS DE GESTANTES A PROGRAMA PRENATAL,01080010,Primigestas Ingresadas,Primigestas Ingresadas,12
A05,A,INGRESOS DE GESTANTES A PROGRAMA PRENATAL,01080009,Gestantes Ingresadas antes de las 14 Semanas,Gestantes Ingresadas antes de las 14 Semanas,13
A05,A,INGRESOS DE GESTANTES A PROGRAMA PRENATAL,01090050,Gestantes con Embarazo no Planificado,Gestantes con Embarazo no Planificado,14
A05,B,INGRESO DE GESTANTES CON PATOLOGÍA DE ALTO RIESGO OBSTÉTRICO A LA UNIDAD DE ARO (Nivel Secundario),05810010,Nº de Gestantes Ingresadas,Nº de Gestantes Ingresadas,18
A05,B,INGRESO DE GESTANTES CON PATOLOGÍA DE ALTO RIESGO OBSTÉTRICO A LA UNIDAD DE ARO (Nivel Secundario),01090040,Preeclampsia (PE),Preeclampsia (PE),19
A05,B,INGRESO DE GESTANTES CON PATOLOGÍA DE ALTO RIESGO OBSTÉTRICO A LA UNIDAD DE ARO (Nivel Secundario),05810020,Síndrome Hipertensivo del Embarazo (SHE),Síndrome Hipertensivo del Embarazo (SHE),20
A05,B,INGRESO DE GESTANTES CON PATOLOGÍA DE ALTO RIESGO OBSTÉTRICO A LA UNIDAD DE ARO (Nivel Secundario),24100700,Factores de Riesgo y Condicionantes de Parto Prematuro,Factores de Riesgo y Condicionantes de Parto Prematuro,21
A05,B,INGRESO DE GESTANTES CON PATOLOGÍA DE ALTO RIESGO OBSTÉTRICO A LA UNIDAD DE ARO (Nivel Secundario),01080017,Retardo Crecimiento Intrauterino (RCIU),Retardo Crecimiento Intrauterino (RCIU),22
A05,B,INGRESO DE GESTANTES CON PATOLOGÍA DE ALTO RIESGO OBSTÉTRICO A LA UNIDAD DE ARO (Nivel Secundario),24090050,SÍFILIS,SÍFILIS,23
A05,B,INGRESO DE GESTANTES CON PATOLOGÍA DE ALTO RIESGO OBSTÉTRICO A LA UNIDAD DE ARO (Nivel Secundario),24090060,VIH,VIH,24
A05,B,INGRESO DE GESTANTES CON PATOLOGÍA DE ALTO RIESGO OBSTÉTRICO A LA UNIDAD DE ARO (Nivel Secundario),01080018,Diabetes,Diabetes,25
A05,B,INGRESO DE GESTANTES CON PATOLOGÍA DE ALTO RIESGO OBSTÉTRICO A LA UNIDAD DE ARO (Nivel Secundario),01080019,Cesárea Anterior,Cesárea Anterior,26
A05,B,INGRESO DE GESTANTES CON PATOLOGÍA DE ALTO RIESGO OBSTÉTRICO A LA UNIDAD DE ARO (Nivel Secundario),05810030,Malformación Congénita,Malformación Congénita,27
A05,B,INGRESO DE GESTANTES CON PATOLOGÍA DE ALTO RIESGO OBSTÉTRICO A LA UNIDAD DE ARO (Nivel Secundario),05990000,Hipotiroidismo,Hipotiroidismo,28
A05,B,INGRESO DE GESTANTES CON PATOLOGÍA DE ALTO RIESGO OBSTÉTRICO A LA UNIDAD DE ARO (Nivel Secundario),05990001,Diabetes Gestacional,Diabetes Gestacional,29
A05,B,INGRESO DE GESTANTES CON PATOLOGÍA DE ALTO RIESGO OBSTÉTRICO A LA UNIDAD DE ARO (Nivel Secundario),05990002,Hipertensión Crónica,Hipertensión Crónica,30
A05,B,INGRESO DE GESTANTES CON PATOLOGÍA DE ALTO RIESGO OBSTÉTRICO A LA UNIDAD DE ARO (Nivel Secundario),24100800,Otras Patologías del Embarazo,Otras Patologías del Embarazo,31
A05,C,INGRESOS A PROGRAMA DE REGULACIÓN DE FERTILIDAD,01080011,D.I.U. T con Cobre,D.I.U. T con Cobre,36
A05,C,INGRESOS A PROGRAMA DE REGULACIÓN DE FERTILIDAD,05810443,D.I.U. con Levonorgestrel,D.I.U. con Levonorgestrel,37
A05,C,INGRESOS A PROGRAMA DE REGULACIÓN DE FERTILIDAD,01080021,Hormonal - Oral Combinado,Hormonal - Oral Combinado,38
A05,C,INGRESOS A PROGRAMA DE REGULACIÓN DE FERTILIDAD,01080022,Hormonal - Oral Progestágeno,Hormonal - Oral Progestágeno,39
A05,C,INGRESOS A PROGRAMA DE REGULACIÓN DE FERTILIDAD,01080023,Hormonal - Inyectable Combinado,Hormonal - Inyectable Combinado,40
A05,C,INGRESOS A PROGRAMA DE REGULACIÓN DE FERTILIDAD,01090060,Hormonal - Inyectable Progestágeno,Hormonal - Inyectable Progestágeno,41
A05,C,INGRESOS A PROGRAMA DE REGULACIÓN DE FERTILIDAD,05970038,Hormonal - Implante Etonogestrel (3 años),Hormonal - Implante Etonogestrel (3 años),42
A05,C,INGRESOS A PROGRAMA DE REGULACIÓN DE FERTILIDAD,05970039,Hormonal - Implante Levonorgestrel (5 años),Hormonal - Implante Levonorgestrel (5 años),43
A05,C,INGRESOS A PROGRAMA DE REGULACIÓN DE FERTILIDAD,09600290,Hormonal - Anillo Vaginal,Hormonal - Anillo Vaginal,44
A05,C,INGRESOS A PROGRAMA DE REGULACIÓN DE FERTILIDAD,01080013,Sólo preservativo MAC - Mujer,Sólo preservativo MAC - Mujer,45
A05,C,INGRESOS A PROGRAMA DE REGULACIÓN DE FERTILIDAD,01080014,Sólo preservativo MAC - Hombres,Sólo preservativo MAC - Hombres,46
A05,C,INGRESOS A PROGRAMA DE REGULACIÓN DE FERTILIDAD,05970040,Esterilización Quirúrgica - Mujer,Esterilización Quirúrgica - Mujer,47
A05,C,INGRESOS A PROGRAMA DE REGULACIÓN DE FERTILIDAD,05970041,Esterilización Quirúrgica - Hombres,Esterilización Quirúrgica - Hombres,48
A05,C,INGRESOS A PROGRAMA DE REGULACIÓN DE FERTILIDAD,05990070,Otros,Otros,49
A05,C,INGRESOS A PROGRAMA DE REGULACIÓN DE FERTILIDAD,05050100A,Método de Regulación de Fertilidad más Preservativos,Método de Regulación de Fertilidad más Preservativos,50
A05,C,INGRESOS A PROGRAMA DE REGULACIÓN DE FERTILIDAD,05970042,Gestantes que reciben preservativo,Gestantes que reciben preservativo,51
A05,C1,INGRESOS A SALUD SEXUAL,05970043,Preservativo/Practica Sexual Segura - Mujer,Preservativo/Practica Sexual Segura - Mujer,55
A05,C1,INGRESOS A SALUD SEXUAL,05970044,Preservativo/Practica Sexual Segura - Hombres,Preservativo/Practica Sexual Segura - Hombres,56
A05,C1,INGRESOS A SALUD SEXUAL,05970045,Lubricantes - Mujer,Lubricantes - Mujer,57
A05,C1,INGRESOS A SALUD SEXUAL,05970046,Lubricantes - Hombres,Lubricantes - Hombres,58
A05,C1,INGRESOS A SALUD SEXUAL,05970047,Condón Femenino,Condón Femenino,59
A05,C2,EGRESOS DE PROGRAMA DE REGULACIÓN DE FERTILIDAD Y SALUD SEXUAL,05990003,D.I.U. T con Cobre,D.I.U. T con Cobre,64
A05,C2,EGRESOS DE PROGRAMA DE REGULACIÓN DE FERTILIDAD Y SALUD SEXUAL,05990004,D.I.U. con Levonorgestrel,D.I.U. con Levonorgestrel,65
A05,C2,EGRESOS DE PROGRAMA DE REGULACIÓN DE FERTILIDAD Y SALUD SEXUAL,05990005,Hormonal - Oral Combinado,Hormonal - Oral Combinado,66
A05,C2,EGRESOS DE PROGRAMA DE REGULACIÓN DE FERTILIDAD Y SALUD SEXUAL,05990006,Hormonal - Oral Progestágeno,Hormonal - Oral Progestágeno,67
A05,C2,EGRESOS DE PROGRAMA DE REGULACIÓN DE FERTILIDAD Y SALUD SEXUAL,05990007,Hormonal - Inyectable Combinado,Hormonal - Inyectable Combinado,68
A05,C2,EGRESOS DE PROGRAMA DE REGULACIÓN DE FERTILIDAD Y SALUD SEXUAL,05990008,Hormonal - Inyectable Progestágeno,Hormonal - Inyectable Progestágeno,69
A05,C2,EGRESOS DE PROGRAMA DE REGULACIÓN DE FERTILIDAD Y SALUD SEXUAL,05990009,Hormonal - Implante Etonogestrel (3 años),Hormonal - Implante Etonogestrel (3 años),70
A05,C2,EGRESOS DE PROGRAMA DE REGULACIÓN DE FERTILIDAD Y SALUD SEXUAL,05990010,Hormonal - Implante Levonorgestrel (5 años),Hormonal - Implante Levonorgestrel (5 años),71
A05,C2,EGRESOS DE PROGRAMA DE REGULACIÓN DE FERTILIDAD Y SALUD SEXUAL,09600291,Hormonal - Anillo Vaginal,Hormonal - Anillo Vaginal,72
A05,C2,EGRESOS DE PROGRAMA DE REGULACIÓN DE FERTILIDAD Y SALUD SEXUAL,05990011,Sólo preservativo MAC - Mujer,Sólo preservativo MAC - Mujer,73
A05,C2,EGRESOS DE PROGRAMA DE REGULACIÓN DE FERTILIDAD Y SALUD SEXUAL,05990012,Sólo preservativo MAC - Hombres,Sólo preservativo MAC - Hombres,74
A05,C2,EGRESOS DE PROGRAMA DE REGULACIÓN DE FERTILIDAD Y SALUD SEXUAL,05990013,Esterilización Quirúrgica - Mujer,Esterilización Quirúrgica - Mujer,75
A05,C2,EGRESOS DE PROGRAMA DE REGULACIÓN DE FERTILIDAD Y SALUD SEXUAL,05990014,Esterilización Quirúrgica - Hombres,Esterilización Quirúrgica - Hombres,76
A05,C2,EGRESOS DE PROGRAMA DE REGULACIÓN DE FERTILIDAD Y SALUD SEXUAL,05990015,Método de Regulación de Fertilidad más Preservativos,Método de Regulación de Fertilidad más Preservativos,77
A05,C2,EGRESOS DE PROGRAMA DE REGULACIÓN DE FERTILIDAD Y SALUD SEXUAL,05990016,Gestantes que reciben preservativo,Gestantes que reciben preservativo,78
A05,C2,EGRESOS DE PROGRAMA DE REGULACIÓN DE FERTILIDAD Y SALUD SEXUAL,05990017,Preservativo/Practica Sexual Segura - Mujer,Preservativo/Practica Sexual Segura - Mujer,79
A05,C2,EGRESOS DE PROGRAMA DE REGULACIÓN DE FERTILIDAD Y SALUD SEXUAL,05990018,Preservativo/Practica Sexual Segura - Hombres,Preservativo/Practica Sexual Segura - Hombres,80
A05,C2,EGRESOS DE PROGRAMA DE REGULACIÓN DE FERTILIDAD Y SALUD SEXUAL,05990019,Lubricantes - Mujer,Lubricantes - Mujer,81
A05,C2,EGRESOS DE PROGRAMA DE REGULACIÓN DE FERTILIDAD Y SALUD SEXUAL,05990020,Lubricantes - Hombres,Lubricantes - Hombres,82
A05,C2,EGRESOS DE PROGRAMA DE REGULACIÓN DE FERTILIDAD Y SALUD SEXUAL,05990021,Condón Femenino,Condón Femenino,83
A05,D,INGRESOS A PROGRAMA CONTROL DE CLIMATERIO,01080090,Ingresos,Ingresos,86
A05,E,INGRESOS A CONTROL DE SALUD DE RECIÉN NACIDOS,05225100,Menor o igual a 28 días,Menor o igual a 28 días,89
A05,F,"INGRESOS Y EGRESOS A SALA DE ESTIMULACIÓN, SERVICIO ITINERANTE Y ATENCIÓN DOMICILIARIA",06902601,Normal con Rezago,Normal con Rezago,95
A05,F,"INGRESOS Y EGRESOS A SALA DE ESTIMULACIÓN, SERVICIO ITINERANTE Y ATENCIÓN DOMICILIARIA",06902602,Riesgo,Riesgo,96
A05,F,"INGRESOS Y EGRESOS A SALA DE ESTIMULACIÓN, SERVICIO ITINERANTE Y ATENCIÓN DOMICILIARIA",06902603,Retraso,Retraso,97
A05,F,"INGRESOS Y EGRESOS A SALA DE ESTIMULACIÓN, SERVICIO ITINERANTE Y ATENCIÓN DOMICILIARIA",05990065,Normal con Riesgo Biopsicosocial,Normal con Riesgo Biopsicosocial,98
A05,F.1,"REINGRESOS Y EGRESOS POR SEGUNDA VEZ A SALA DE ESTIMULACIÓN, SERVICIO ITINERANTE Y ATENCIÓN DOMICILIARIA",05970010,Normal con Rezago,Normal con Rezago,103
A05,F.1,"REINGRESOS Y EGRESOS POR SEGUNDA VEZ A SALA DE ESTIMULACIÓN, SERVICIO ITINERANTE Y ATENCIÓN DOMICILIARIA",05970011,Riesgo,Riesgo,104
A05,F.1,"REINGRESOS Y EGRESOS POR SEGUNDA VEZ A SALA DE ESTIMULACIÓN, SERVICIO ITINERANTE Y ATENCIÓN DOMICILIARIA",05970012,Retraso,Retraso,105
A05,F.1,"REINGRESOS Y EGRESOS POR SEGUNDA VEZ A SALA DE ESTIMULACIÓN, SERVICIO ITINERANTE Y ATENCIÓN DOMICILIARIA",05990066,Normal con Riesgo Biopsicosocial,Normal con Riesgo Biopsicosocial,106
A05,G,"INGRESO DE NIÑOS, NIÑAS Y ADOLESCENTES CON NECESIDADES ESPECIALES A CONTROL DE SALUD EN APS",05990067,Baja Complejidad,Baja Complejidad,112
A05,G,"INGRESO DE NIÑOS, NIÑAS Y ADOLESCENTES CON NECESIDADES ESPECIALES A CONTROL DE SALUD EN APS",05990068,Mediana Complejidad,Mediana Complejidad,113
A05,G,"INGRESO DE NIÑOS, NIÑAS Y ADOLESCENTES CON NECESIDADES ESPECIALES A CONTROL DE SALUD EN APS",05990069,Alta Complejidad,Alta Complejidad,114
A05,H,INGRESOS AL PROGRAMA DE SALUD CARDIOVASCULAR (PSCV),03030360,Ingresos al PSCV,Ingresos al PSCV,119
A05,H,INGRESOS AL PROGRAMA DE SALUD CARDIOVASCULAR (PSCV),03021106,Programa de Salud Cardiovascular - Hipertensión Arterial,Programa de Salud Cardiovascular - Hipertensión Arterial,120
A05,H,INGRESOS AL PROGRAMA DE SALUD CARDIOVASCULAR (PSCV),03021107,Programa de Salud Cardiovascular - Diabetes Mellitus,Programa de Salud Cardiovascular - Diabetes Mellitus,121
A05,H,INGRESOS AL PROGRAMA DE SALUD CARDIOVASCULAR (PSCV),03021108,Programa de Salud Cardiovascular - Dislipidemia,Programa de Salud Cardiovascular - Dislipidemia,122
A05,H,INGRESOS AL PROGRAMA DE SALUD CARDIOVASCULAR (PSCV),05990071,Programa de Salud Cardiovascular - Antecedentes de Infarto Agudo al Miocardio (IAM),Programa de Salud Cardiovascular - Antecedentes de Infarto Agudo al Miocardio (IAM),123
A05,H,INGRESOS AL PROGRAMA DE SALUD CARDIOVASCULAR (PSCV),05990072,Programa de Salud Cardiovascular - Antecedentes de otras enfermedades cardiovasculares (se excluye IAM y ACV),Programa de Salud Cardiovascular - Antecedentes de otras enfermedades cardiovasculares (se excluye IAM y ACV),124
A05,H,INGRESOS AL PROGRAMA DE SALUD CARDIOVASCULAR (PSCV),09600292,Programa de Salud Cardiovascular - Antecedentes Enf. Cerebrovascular (ACV),Programa de Salud Cardiovascular - Antecedentes Enf. Cerebrovascular (ACV),125
A05,H,INGRESOS AL PROGRAMA DE SALUD CARDIOVASCULAR (PSCV),09600293,Programa de Salud Cardiovascular - Enfermedad Renal Crónica,Programa de Salud Cardiovascular - Enfermedad Renal Crónica,126
A05,H,INGRESOS AL PROGRAMA DE SALUD CARDIOVASCULAR (PSCV),05810432,Programa de Salud Cardiovascular - Tabaquismo ≥ 55 años,Programa de Salud Cardiovascular - Tabaquismo ≥ 55 años,127
A05,H,INGRESOS AL PROGRAMA DE SALUD CARDIOVASCULAR (PSCV),09600294,Protocolo HEARTS,Protocolo HEARTS,128
A05,I,EGRESOS DEL PROGAMA DE SALUD CARDIOVASCULAR (PSCV),05810040,Egresos del PSCV,Egresos del PSCV,133
A05,I,EGRESOS DEL PROGAMA DE SALUD CARDIOVASCULAR (PSCV),05225400,Programa de Salud Cardiovascular - Hipertensión Arterial,Programa de Salud Cardiovascular - Hipertensión Arterial,134
A05,I,EGRESOS DEL PROGAMA DE SALUD CARDIOVASCULAR (PSCV),05225401,Programa de Salud Cardiovascular - Diabetes Mellitus,Programa de Salud Cardiovascular - Diabetes Mellitus,135
A05,I,EGRESOS DEL PROGAMA DE SALUD CARDIOVASCULAR (PSCV),05225402,Programa de Salud Cardiovascular - Dislipidemia,Programa de Salud Cardiovascular - Dislipidemia,136
A05,I,EGRESOS DEL PROGAMA DE SALUD CARDIOVASCULAR (PSCV),05990073,Programa de Salud Cardiovascular - Antecedentes Infarto Agudo al Miocardio (IAM),Programa de Salud Cardiovascular - Antecedentes Infarto Agudo al Miocardio (IAM),137
A05,I,EGRESOS DEL PROGAMA DE SALUD CARDIOVASCULAR (PSCV),05990074,Programa de Salud Cardiovascular - Antecedentes de otras enfermedades cardiovasculares (se excluye IAM y ACV),Programa de Salud Cardiovascular - Antecedentes de otras enfermedades cardiovasculares (se excluye IAM y ACV),138
A05,I,EGRESOS DEL PROGAMA DE SALUD CARDIOVASCULAR (PSCV),09600295,Programa de Salud Cardiovascular - Antecedentes Enf. Cerebrovascular (ACV),Programa de Salud Cardiovascular - Antecedentes Enf. Cerebrovascular (ACV),139
A05,I,EGRESOS DEL PROGAMA DE SALUD CARDIOVASCULAR (PSCV),09600296,Programa de Salud Cardiovascular - Enfermedad Renal Crónica,Programa de Salud Cardiovascular - Enfermedad Renal Crónica,140
A05,I,EGRESOS DEL PROGAMA DE SALUD CARDIOVASCULAR (PSCV),05810434,Programa de Salud Cardiovascular - Tabaquismo ≥ 55 años,Programa de Salud Cardiovascular - Tabaquismo ≥ 55 años,141
A05,J,"INGRESOS Y EGRESOS AL PROGRAMA DE PACIENTES CON DEPENDENCIA LEVE, MODERADA Y SEVERA",05810050,Dependencia Leve,Dependencia Leve,146
A05,J,"INGRESOS Y EGRESOS AL PROGRAMA DE PACIENTES CON DEPENDENCIA LEVE, MODERADA Y SEVERA",05810060,Dependencia Moderada,Dependencia Moderada,147
A05,J,"INGRESOS Y EGRESOS AL PROGRAMA DE PACIENTES CON DEPENDENCIA LEVE, MODERADA Y SEVERA",05810070,Dependencia Severa - Oncológico,Dependencia Severa - Oncológico,148
A05,J,"INGRESOS Y EGRESOS AL PROGRAMA DE PACIENTES CON DEPENDENCIA LEVE, MODERADA Y SEVERA",05810080,Dependencia Severa - No Oncológico,Dependencia Severa - No Oncológico,149
A05,J,"INGRESOS Y EGRESOS AL PROGRAMA DE PACIENTES CON DEPENDENCIA LEVE, MODERADA Y SEVERA",05810090,Dependencia severa (lesiones por presión),Dependencia severa (lesiones por presión),150
A05,K,INGRESOS AL PROGRAMA DEL ADULTO MAYOR SEGÚN CONDICIÓN DE FUNCIONALIDAD Y DEPENDENCIA,05021207,EMPAM - Autovalente sin Riesgo,EMPAM - Autovalente sin Riesgo,154
A05,K,INGRESOS AL PROGRAMA DEL ADULTO MAYOR SEGÚN CONDICIÓN DE FUNCIONALIDAD Y DEPENDENCIA,05021208,EMPAM - Autovalente con Riesgo,EMPAM - Autovalente con Riesgo,155
A05,K,INGRESOS AL PROGRAMA DEL ADULTO MAYOR SEGÚN CONDICIÓN DE FUNCIONALIDAD Y DEPENDENCIA,05120900,EMPAM - Riesgo de Dependencia,EMPAM - Riesgo de Dependencia,156
A05,K,INGRESOS AL PROGRAMA DEL ADULTO MAYOR SEGÚN CONDICIÓN DE FUNCIONALIDAD Y DEPENDENCIA,05130100,BARTHEL - Dependiente Leve,BARTHEL - Dependiente Leve,158
A05,K,INGRESOS AL PROGRAMA DEL ADULTO MAYOR SEGÚN CONDICIÓN DE FUNCIONALIDAD Y DEPENDENCIA,05130200,BARTHEL - Dependiente Moderado,BARTHEL - Dependiente Moderado,159
A05,K,INGRESOS AL PROGRAMA DEL ADULTO MAYOR SEGÚN CONDICIÓN DE FUNCIONALIDAD Y DEPENDENCIA,05130300,BARTHEL - Dependiente Grave,BARTHEL - Dependiente Grave,160
A05,K,INGRESOS AL PROGRAMA DEL ADULTO MAYOR SEGÚN CONDICIÓN DE FUNCIONALIDAD Y DEPENDENCIA,05810100,BARTHEL - Dependiente Total,BARTHEL - Dependiente Total,161
A05,L,EGRESOS DEL PROGRAMA DEL ADULTO MAYOR SEGÚN CONDICIÓN DE FUNCIONALIDAD Y DEPENDENCIA,05050700,EMPAM - Autovalente sin Riesgo,EMPAM - Autovalente sin Riesgo,167
A05,L,EGRESOS DEL PROGRAMA DEL ADULTO MAYOR SEGÚN CONDICIÓN DE FUNCIONALIDAD Y DEPENDENCIA,05050800,EMPAM - Autovalente con Riesgo,EMPAM - Autovalente con Riesgo,168
A05,L,EGRESOS DEL PROGRAMA DEL ADULTO MAYOR SEGÚN CONDICIÓN DE FUNCIONALIDAD Y DEPENDENCIA,05050900,EMPAM - Riesgo de Dependencia,EMPAM - Riesgo de Dependencia,169
A05,L,EGRESOS DEL PROGRAMA DEL ADULTO MAYOR SEGÚN CONDICIÓN DE FUNCIONALIDAD Y DEPENDENCIA,05051000,BARTHEL - Dependiente Leve,BARTHEL - Dependiente Leve,171
A05,L,EGRESOS DEL PROGRAMA DEL ADULTO MAYOR SEGÚN CONDICIÓN DE FUNCIONALIDAD Y DEPENDENCIA,05051100,BARTHEL - Dependiente Moderado,BARTHEL - Dependiente Moderado,172
A05,L,EGRESOS DEL PROGRAMA DEL ADULTO MAYOR SEGÚN CONDICIÓN DE FUNCIONALIDAD Y DEPENDENCIA,05051200,BARTHEL - Dependiente Grave,BARTHEL - Dependiente Grave,173
A05,L,EGRESOS DEL PROGRAMA DEL ADULTO MAYOR SEGÚN CONDICIÓN DE FUNCIONALIDAD Y DEPENDENCIA,05051300,BARTHEL - Dependiente Total,BARTHEL - Dependiente Total,174
A05,M,INGRESOS Y EGRESOS DEL PROGRAMA MÁS ADULTOS MAYORES AUTOVALENTES,05051301,Ingreso - Autovalente sin Riesgo,Ingreso - Autovalente sin Riesgo,180
A05,M,INGRESOS Y EGRESOS DEL PROGRAMA MÁS ADULTOS MAYORES AUTOVALENTES,05051302,Ingreso - Autovalente con Riesgo,Ingreso - Autovalente con Riesgo,181
A05,M,INGRESOS Y EGRESOS DEL PROGRAMA MÁS ADULTOS MAYORES AUTOVALENTES,05051303,Ingreso - Riesgo de Dependencia,Ingreso - Riesgo de Dependencia,182
A05,M,INGRESOS Y EGRESOS DEL PROGRAMA MÁS ADULTOS MAYORES AUTOVALENTES,05051304,Egreso - Completa Ciclo,Egreso - Completa Ciclo,184
A05,M,INGRESOS Y EGRESOS DEL PROGRAMA MÁS ADULTOS MAYORES AUTOVALENTES,05051305,Egreso - Abandono,Egreso - Abandono,185
A05,M,INGRESOS Y EGRESOS DEL PROGRAMA MÁS ADULTOS MAYORES AUTOVALENTES,05051306,Egreso - Traslado,Egreso - Traslado,186
A05,M,INGRESOS Y EGRESOS DEL PROGRAMA MÁS ADULTOS MAYORES AUTOVALENTES,05051307,Egreso - Fallecimiento,Egreso - Fallecimiento,187
A05,N,INGRESOS AL PROGRAMA DE SALUD MENTAL EN APS /ESPECIALIDAD,05227400,INGRESOS AL PROGRAMA,INGRESOS AL PROGRAMA,193
A05,N,INGRESOS AL PROGRAMA DE SALUD MENTAL EN APS /ESPECIALIDAD,05990075,Violencia Física - Victima,Violencia Física - Victima,195
A05,N,INGRESOS AL PROGRAMA DE SALUD MENTAL EN APS /ESPECIALIDAD,05990076,Violencia Física - Agresor/a,Violencia Física - Agresor/a,196
A05,N,INGRESOS AL PROGRAMA DE SALUD MENTAL EN APS /ESPECIALIDAD,05990077,Violencia Sexual - Victima,Violencia Sexual - Victima,197
A05,N,INGRESOS AL PROGRAMA DE SALUD MENTAL EN APS /ESPECIALIDAD,05990078,Violencia Sexual - Agresor/a,Violencia Sexual - Agresor/a,198
A05,N,INGRESOS AL PROGRAMA DE SALUD MENTAL EN APS /ESPECIALIDAD,05990079,Violencia Psicológica - Victima,Violencia Psicológica - Victima,199
A05,N,INGRESOS AL PROGRAMA DE SALUD MENTAL EN APS /ESPECIALIDAD,05990080,Violencia Psicológica - Agresor/a,Violencia Psicológica - Agresor/a,200
A05,N,INGRESOS AL PROGRAMA DE SALUD MENTAL EN APS /ESPECIALIDAD,06901100,Abuso sexual,Abuso sexual,201
A05,N,INGRESOS AL PROGRAMA DE SALUD MENTAL EN APS /ESPECIALIDAD,05970014,Suicidio - Ideación,Suicidio - Ideación,202
A05,N,INGRESOS AL PROGRAMA DE SALUD MENTAL EN APS /ESPECIALIDAD,05970015,Suicidio - Intento,Suicidio - Intento,203
A05,N,INGRESOS AL PROGRAMA DE SALUD MENTAL EN APS /ESPECIALIDAD,05810441,PERSONAS CON DIAGNÓSTICOS DE TRASTORNOS MENTALES,PERSONAS CON DIAGNÓSTICOS DE TRASTORNOS MENTALES,204
A05,N,INGRESOS AL PROGRAMA DE SALUD MENTAL EN APS /ESPECIALIDAD,06901200,Trastornos del Humor (Afectivos) - Depresión Leve,Trastornos del Humor (Afectivos) - Depresión Leve,205
A05,N,INGRESOS AL PROGRAMA DE SALUD MENTAL EN APS /ESPECIALIDAD,06902605,Trastornos del Humor (Afectivos) - Depresión Moderada,Trastornos del Humor (Afectivos) - Depresión Moderada,206
A05,N,INGRESOS AL PROGRAMA DE SALUD MENTAL EN APS /ESPECIALIDAD,06902606,Trastornos del Humor (Afectivos) - Depresión Grave,Trastornos del Humor (Afectivos) - Depresión Grave,207
A05,N,INGRESOS AL PROGRAMA DE SALUD MENTAL EN APS /ESPECIALIDAD,06901300,Trastornos del Humor (Afectivos) - Depresión Post Parto,Trastornos del Humor (Afectivos) - Depresión Post Parto,208
A05,N,INGRESOS AL PROGRAMA DE SALUD MENTAL EN APS /ESPECIALIDAD,06901400,Trastornos del Humor (Afectivos) - Trastorno Bipolar,Trastornos del Humor (Afectivos) - Trastorno Bipolar,209
A05,N,INGRESOS AL PROGRAMA DE SALUD MENTAL EN APS /ESPECIALIDAD,05051400,Trastornos del Humor (Afectivos) - Depresión Refractaria,Trastornos del Humor (Afectivos) - Depresión Refractaria,210
A05,N,INGRESOS AL PROGRAMA DE SALUD MENTAL EN APS /ESPECIALIDAD,05051500,Trastornos del Humor (Afectivos) - Depresión Grave Con Psicosis,Trastornos del Humor (Afectivos) - Depresión Grave Con Psicosis,211
A05,N,INGRESOS AL PROGRAMA DE SALUD MENTAL EN APS /ESPECIALIDAD,05051600,Trastornos del Humor (Afectivos) - Depresión con Alto Riesgo Suicida,Trastornos del Humor (Afectivos) - Depresión con Alto Riesgo Suicida,212
A05,N,INGRESOS AL PROGRAMA DE SALUD MENTAL EN APS /ESPECIALIDAD,09600297,Trastornos Mentales y del Comportamiento Debido a Consumo Sustancias Psicotrópicas - Consumo Perjudicial de Alcohol,Trastornos Mentales y del Comportamiento Debido a Consumo Sustancias Psicotrópicas - Consumo Perjudicial de Alcohol,213
A05,N,INGRESOS AL PROGRAMA DE SALUD MENTAL EN APS /ESPECIALIDAD,09600298,Trastornos Mentales y del Comportamiento Debido a Consumo Sustancias Psicotrópicas - Consumo Dependiente del Alcohol,Trastornos Mentales y del Comportamiento Debido a Consumo Sustancias Psicotrópicas - Consumo Dependiente del Alcohol,214
A05,N,INGRESOS AL PROGRAMA DE SALUD MENTAL EN APS /ESPECIALIDAD,09600299,Trastornos Mentales y del Comportamiento Debido a Consumo Sustancias Psicotrópicas - Consumo Perjudicial de Drogas,Trastornos Mentales y del Comportamiento Debido a Consumo Sustancias Psicotrópicas - Consumo Perjudicial de Drogas,215
A05,N,INGRESOS AL PROGRAMA DE SALUD MENTAL EN APS /ESPECIALIDAD,05990035,Trastornos Mentales y del Comportamiento Debido a Consumo Sustancias Psicotrópicas - Consumo Dependiente de Drogas,Trastornos Mentales y del Comportamiento Debido a Consumo Sustancias Psicotrópicas - Consumo Dependiente de Drogas,216
A05,N,INGRESOS AL PROGRAMA DE SALUD MENTAL EN APS /ESPECIALIDAD,05990036,Trastornos Mentales y del Comportamiento Debido a Consumo Sustancias Psicotrópicas - Consumo de Drogas y Alcohol,Trastornos Mentales y del Comportamiento Debido a Consumo Sustancias Psicotrópicas - Consumo de Drogas y Alcohol,217
A05,N,INGRESOS AL PROGRAMA DE SALUD MENTAL EN APS /ESPECIALIDAD,06902200,Trastornos del Comportamiento y de Las Emociones de Comienzo Habitual en la Infancia y Adolescencia - Trastorno Hipercinéticos,Trastornos del Comportamiento y de Las Emociones de Comienzo Habitual en la Infancia y Adolescencia - Trastorno Hipercinéticos,218
A05,N,INGRESOS AL PROGRAMA DE SALUD MENTAL EN APS /ESPECIALIDAD,05051700,Trastornos del Comportamiento y de Las Emociones de Comienzo Habitual en la Infancia y Adolescencia - Trastorno Disocial Desafiante y Oposicionista,Trastornos del Comportamiento y de Las Emociones de Comienzo Habitual en la Infancia y Adolescencia - Trastorno Disocial Desafiante y Oposicionista,219
A05,N,INGRESOS AL PROGRAMA DE SALUD MENTAL EN APS /ESPECIALIDAD,05051800,Trastornos del Comportamiento y de Las Emociones de Comienzo Habitual en la Infancia y Adolescencia - Trastorno de Ansiedad de Separación en la Infancia,Trastornos del Comportamiento y de Las Emociones de Comienzo Habitual en la Infancia y Adolescencia - Trastorno de Ansiedad de Separación en la Infancia,220
A05,N,INGRESOS AL PROGRAMA DE SALUD MENTAL EN APS /ESPECIALIDAD,06902300,Trastornos del Comportamiento y de Las Emociones de Comienzo Habitual en la Infancia y Adolescencia - Otros Trastornos del Comportamiento y de las Emociones de Comienzo Habitual en La Infancia y Adolescencia,Trastornos del Comportamiento y de Las Emociones de Comienzo Habitual en la Infancia y Adolescencia - Otros Trastornos del Comportamiento y de las Emociones de Comienzo Habitual en La Infancia y Adolescencia,221
A05,N,INGRESOS AL PROGRAMA DE SALUD MENTAL EN APS /ESPECIALIDAD,05970016,Trastornos de Ansiedad - Trastorno de Estrés Post Traumático,Trastornos de Ansiedad - Trastorno de Estrés Post Traumático,222
A05,N,INGRESOS AL PROGRAMA DE SALUD MENTAL EN APS /ESPECIALIDAD,05990037,Trastornos de Ansiedad - Trastorno de Pánico,Trastornos de Ansiedad - Trastorno de Pánico,223
A05,N,INGRESOS AL PROGRAMA DE SALUD MENTAL EN APS /ESPECIALIDAD,05970019,Trastornos de Ansiedad - Fobias Sociales,Trastornos de Ansiedad - Fobias Sociales,224
A05,N,INGRESOS AL PROGRAMA DE SALUD MENTAL EN APS /ESPECIALIDAD,05970020,Trastornos de Ansiedad - Trastornos de Ansiedad Generalizada,Trastornos de Ansiedad - Trastornos de Ansiedad Generalizada,225
A05,N,INGRESOS AL PROGRAMA DE SALUD MENTAL EN APS /ESPECIALIDAD,05970021,Trastornos de Ansiedad - Otros Trastornos de Ansiedad,Trastornos de Ansiedad - Otros Trastornos de Ansiedad,226
A05,N,INGRESOS AL PROGRAMA DE SALUD MENTAL EN APS /ESPECIALIDAD,05901801,Demencias (Incluye Alzheimer) - Leve,Demencias (Incluye Alzheimer) - Leve,227
A05,N,INGRESOS AL PROGRAMA DE SALUD MENTAL EN APS /ESPECIALIDAD,05901802,Demencias (Incluye Alzheimer) - Moderado,Demencias (Incluye Alzheimer) - Moderado,228
A05,N,INGRESOS AL PROGRAMA DE SALUD MENTAL EN APS /ESPECIALIDAD,05901803,Demencias (Incluye Alzheimer) - Avanzado,Demencias (Incluye Alzheimer) - Avanzado,229
A05,N,INGRESOS AL PROGRAMA DE SALUD MENTAL EN APS /ESPECIALIDAD,05990038,Esquizofrenia,Esquizofrenia,230
A05,N,INGRESOS AL PROGRAMA DE SALUD MENTAL EN APS /ESPECIALIDAD,05990039,Trastorno Adaptativo,Trastorno Adaptativo,231
A05,N,INGRESOS AL PROGRAMA DE SALUD MENTAL EN APS /ESPECIALIDAD,06902100,Trastornos de la Conducta Alimentaria,Trastornos de la Conducta Alimentaria,232
A05,N,INGRESOS AL PROGRAMA DE SALUD MENTAL EN APS /ESPECIALIDAD,06902400,Retraso Mental,Retraso Mental,233
A05,N,INGRESOS AL PROGRAMA DE SALUD MENTAL EN APS /ESPECIALIDAD,06902500,Trastorno de Personalidad,Trastorno de Personalidad,234
A05,N,INGRESOS AL PROGRAMA DE SALUD MENTAL EN APS /ESPECIALIDAD,05990022,Trastorno Generalizados del Desarrollo - Autismo,Trastorno Generalizados del Desarrollo - Autismo,235
A05,N,INGRESOS AL PROGRAMA DE SALUD MENTAL EN APS /ESPECIALIDAD,05990023,Trastorno Generalizados del Desarrollo - Asperger,Trastorno Generalizados del Desarrollo - Asperger,236
A05,N,INGRESOS AL PROGRAMA DE SALUD MENTAL EN APS /ESPECIALIDAD,05990024,Trastorno Generalizados del Desarrollo - Síndrome de Rett,Trastorno Generalizados del Desarrollo - Síndrome de Rett,237
A05,N,INGRESOS AL PROGRAMA DE SALUD MENTAL EN APS /ESPECIALIDAD,05990025,Trastorno Generalizados del Desarrollo - Trastorno Desintegrativo de la Infancia,Trastorno Generalizados del Desarrollo - Trastorno Desintegrativo de la Infancia,238
A05,N,INGRESOS AL PROGRAMA DE SALUD MENTAL EN APS /ESPECIALIDAD,05990026,Trastorno Generalizados del Desarrollo - Trastorno Generalizado del Desarrollo no Específico,Trastorno Generalizados del Desarrollo - Trastorno Generalizado del Desarrollo no Específico,239
A05,N,INGRESOS AL PROGRAMA DE SALUD MENTAL EN APS /ESPECIALIDAD,05970022,Epilepsia,Epilepsia,240
A05,N,INGRESOS AL PROGRAMA DE SALUD MENTAL EN APS /ESPECIALIDAD,05810445,Otras,Otras,241
A05,O,EGRESOS DEL PROGRAMA DE SALUD MENTAL POR ALTAS CLÍNICAS EN APS /ESPECIALIDAD,05810140,EGRESOS DEL PROGRAMA,EGRESOS DEL PROGRAMA,245
A05,O,EGRESOS DEL PROGRAMA DE SALUD MENTAL POR ALTAS CLÍNICAS EN APS /ESPECIALIDAD,05990081,Violencia Física - Victima,Violencia Física - Victima,247
A05,O,EGRESOS DEL PROGRAMA DE SALUD MENTAL POR ALTAS CLÍNICAS EN APS /ESPECIALIDAD,05990082,Violencia Física - Agresor/a,Violencia Física - Agresor/a,248
A05,O,EGRESOS DEL PROGRAMA DE SALUD MENTAL POR ALTAS CLÍNICAS EN APS /ESPECIALIDAD,05990083,Violencia Sexual - Victima,Violencia Sexual - Victima,249
A05,O,EGRESOS DEL PROGRAMA DE SALUD MENTAL POR ALTAS CLÍNICAS EN APS /ESPECIALIDAD,05990084,Violencia Sexual - Agresor/a,Violencia Sexual - Agresor/a,250
A05,O,EGRESOS DEL PROGRAMA DE SALUD MENTAL POR ALTAS CLÍNICAS EN APS /ESPECIALIDAD,05990085,Violencia Psicológica - Victima,Violencia Psicológica - Victima,251
A05,O,EGRESOS DEL PROGRAMA DE SALUD MENTAL POR ALTAS CLÍNICAS EN APS /ESPECIALIDAD,05990086,Violencia Psicológica - Agresor/a,Violencia Psicológica - Agresor/a,252
A05,O,EGRESOS DEL PROGRAMA DE SALUD MENTAL POR ALTAS CLÍNICAS EN APS /ESPECIALIDAD,05223500,Abuso sexual,Abuso sexual,253
A05,O,EGRESOS DEL PROGRAMA DE SALUD MENTAL POR ALTAS CLÍNICAS EN APS /ESPECIALIDAD,05970023,Suicidio - Ideación,Suicidio - Ideación,254
A05,O,EGRESOS DEL PROGRAMA DE SALUD MENTAL POR ALTAS CLÍNICAS EN APS /ESPECIALIDAD,05970024,Suicidio - Intento,Suicidio - Intento,255
A05,O,EGRESOS DEL PROGRAMA DE SALUD MENTAL POR ALTAS CLÍNICAS EN APS /ESPECIALIDAD,05810442,PERSONAS CON DIAGNÓSTICOS DE TRASTORNOS MENTALES,PERSONAS CON DIAGNÓSTICOS DE TRASTORNOS MENTALES,256
A05,O,EGRESOS DEL PROGRAMA DE SALUD MENTAL POR ALTAS CLÍNICAS EN APS /ESPECIALIDAD,05223600,Trastornos del Humor (Afectivos) - Depresión Leve,Trastornos del Humor (Afectivos) - Depresión Leve,257
A05,O,EGRESOS DEL PROGRAMA DE SALUD MENTAL POR ALTAS CLÍNICAS EN APS /ESPECIALIDAD,06902607,Trastornos del Humor (Afectivos) - Depresión Moderada,Trastornos del Humor (Afectivos) - Depresión Moderada,258
A05,O,EGRESOS DEL PROGRAMA DE SALUD MENTAL POR ALTAS CLÍNICAS EN APS /ESPECIALIDAD,06902608,Trastornos del Humor (Afectivos) - Depresión Grave,Trastornos del Humor (Afectivos) - Depresión Grave,259
A05,O,EGRESOS DEL PROGRAMA DE SALUD MENTAL POR ALTAS CLÍNICAS EN APS /ESPECIALIDAD,05223700,Trastornos del Humor (Afectivos) - Depresión Post Parto,Trastornos del Humor (Afectivos) - Depresión Post Parto,260
A05,O,EGRESOS DEL PROGRAMA DE SALUD MENTAL POR ALTAS CLÍNICAS EN APS /ESPECIALIDAD,05223800,Trastornos del Humor (Afectivos) - Trastorno Bipolar,Trastornos del Humor (Afectivos) - Trastorno Bipolar,261
A05,O,EGRESOS DEL PROGRAMA DE SALUD MENTAL POR ALTAS CLÍNICAS EN APS /ESPECIALIDAD,05051900,Trastornos del Humor (Afectivos) - Depresión Refractaria,Trastornos del Humor (Afectivos) - Depresión Refractaria,262
A05,O,EGRESOS DEL PROGRAMA DE SALUD MENTAL POR ALTAS CLÍNICAS EN APS /ESPECIALIDAD,05052000,Trastornos del Humor (Afectivos) - Depresión Grave con Psicosis,Trastornos del Humor (Afectivos) - Depresión Grave con Psicosis,263
A05,O,EGRESOS DEL PROGRAMA DE SALUD MENTAL POR ALTAS CLÍNICAS EN APS /ESPECIALIDAD,05052100,Trastornos del Humor (Afectivos) - Depresión con Alto Riesgo Suicida,Trastornos del Humor (Afectivos) - Depresión con Alto Riesgo Suicida,264
A05,O,EGRESOS DEL PROGRAMA DE SALUD MENTAL POR ALTAS CLÍNICAS EN APS /ESPECIALIDAD,05990040,Trastornos Mentales y del Comportamiento Debido a Consumo Sustancias Psicotrópicas - Consumo Perjudicial de Alcohol,Trastornos Mentales y del Comportamiento Debido a Consumo Sustancias Psicotrópicas - Consumo Perjudicial de Alcohol,265
A05,O,EGRESOS DEL PROGRAMA DE SALUD MENTAL POR ALTAS CLÍNICAS EN APS /ESPECIALIDAD,05990041,Trastornos Mentales y del Comportamiento Debido a Consumo Sustancias Psicotrópicas - Consumo Dependiente del Alcohol,Trastornos Mentales y del Comportamiento Debido a Consumo Sustancias Psicotrópicas - Consumo Dependiente del Alcohol,266
A05,O,EGRESOS DEL PROGRAMA DE SALUD MENTAL POR ALTAS CLÍNICAS EN APS /ESPECIALIDAD,05990042,Trastornos Mentales y del Comportamiento Debido a Consumo Sustancias Psicotrópicas - Consumo Perjudicial de Drogas,Trastornos Mentales y del Comportamiento Debido a Consumo Sustancias Psicotrópicas - Consumo Perjudicial de Drogas,267
A05,O,EGRESOS DEL PROGRAMA DE SALUD MENTAL POR ALTAS CLÍNICAS EN APS /ESPECIALIDAD,05990043,Trastornos Mentales y del Comportamiento Debido a Consumo Sustancias Psicotrópicas - Consumo Dependiente de Drogas,Trastornos Mentales y del Comportamiento Debido a Consumo Sustancias Psicotrópicas - Consumo Dependiente de Drogas,268
A05,O,EGRESOS DEL PROGRAMA DE SALUD MENTAL POR ALTAS CLÍNICAS EN APS /ESPECIALIDAD,05990044,Trastornos Mentales y del Comportamiento Debido a Consumo Sustancias Psicotrópicas - Consumo de Drogas y Alcohol,Trastornos Mentales y del Comportamiento Debido a Consumo Sustancias Psicotrópicas - Consumo de Drogas y Alcohol,269
A05,O,EGRESOS DEL PROGRAMA DE SALUD MENTAL POR ALTAS CLÍNICAS EN APS /ESPECIALIDAD,05224600,Trastornos del Comportamiento y de las Emociones de Comienzo Habitual en la Infancia y Adolescencia - Trastorno Hipercinéticos,Trastornos del Comportamiento y de las Emociones de Comienzo Habitual en la Infancia y Adolescencia - Trastorno Hipercinéticos,270
A05,O,EGRESOS DEL PROGRAMA DE SALUD MENTAL POR ALTAS CLÍNICAS EN APS /ESPECIALIDAD,05052200,Trastornos del Comportamiento y de las Emociones de Comienzo Habitual en la Infancia y Adolescencia - Trastorno Disocial Desafiante y Oposicionista,Trastornos del Comportamiento y de las Emociones de Comienzo Habitual en la Infancia y Adolescencia - Trastorno Disocial Desafiante y Oposicionista,271
A05,O,EGRESOS DEL PROGRAMA DE SALUD MENTAL POR ALTAS CLÍNICAS EN APS /ESPECIALIDAD,05052300,Trastornos del Comportamiento y de las Emociones de Comienzo Habitual en la Infancia y Adolescencia - Trastorno de Ansiedad de Separación en la Infancia,Trastornos del Comportamiento y de las Emociones de Comienzo Habitual en la Infancia y Adolescencia - Trastorno de Ansiedad de Separación en la Infancia,272
A05,O,EGRESOS DEL PROGRAMA DE SALUD MENTAL POR ALTAS CLÍNICAS EN APS /ESPECIALIDAD,05224700,Trastornos del Comportamiento y de las Emociones de Comienzo Habitual en la Infancia y Adolescencia - Otros Trastornos del Comportamiento y de las Emociones de Comienzo Habitual en La Infancia y Adolescencia,Trastornos del Comportamiento y de las Emociones de Comienzo Habitual en la Infancia y Adolescencia - Otros Trastornos del Comportamiento y de las Emociones de Comienzo Habitual en La Infancia y Adolescencia,273
A05,O,EGRESOS DEL PROGRAMA DE SALUD MENTAL POR ALTAS CLÍNICAS EN APS /ESPECIALIDAD,05970025,Trastornos de Ansiedad - Trastorno de Estrés Post Traumático,Trastornos de Ansiedad - Trastorno de Estrés Post Traumático,274
A05,O,EGRESOS DEL PROGRAMA DE SALUD MENTAL POR ALTAS CLÍNICAS EN APS /ESPECIALIDAD,05990045,Trastornos de Ansiedad - Trastorno de Pánico,Trastornos de Ansiedad - Trastorno de Pánico,275
A05,O,EGRESOS DEL PROGRAMA DE SALUD MENTAL POR ALTAS CLÍNICAS EN APS /ESPECIALIDAD,05970028,Trastornos de Ansiedad - Fobias Sociales,Trastornos de Ansiedad - Fobias Sociales,276
A05,O,EGRESOS DEL PROGRAMA DE SALUD MENTAL POR ALTAS CLÍNICAS EN APS /ESPECIALIDAD,05970029,Trastornos de Ansiedad - Trastornos de Ansiedad Generalizada,Trastornos de Ansiedad - Trastornos de Ansiedad Generalizada,277
A05,O,EGRESOS DEL PROGRAMA DE SALUD MENTAL POR ALTAS CLÍNICAS EN APS /ESPECIALIDAD,05970030,Trastornos de Ansiedad - Otros Trastornos de Ansiedad,Trastornos de Ansiedad - Otros Trastornos de Ansiedad,278
A05,O,EGRESOS DEL PROGRAMA DE SALUD MENTAL POR ALTAS CLÍNICAS EN APS /ESPECIALIDAD,05224201,Demencias (Incluye Alzheimer) - Leve,Demencias (Incluye Alzheimer) - Leve,279
A05,O,EGRESOS DEL PROGRAMA DE SALUD MENTAL POR ALTAS CLÍNICAS EN APS /ESPECIALIDAD,05224202,Demencias (Incluye Alzheimer) - Moderado,Demencias (Incluye Alzheimer) - Moderado,280
A05,O,EGRESOS DEL PROGRAMA DE SALUD MENTAL POR ALTAS CLÍNICAS EN APS /ESPECIALIDAD,05224203,Demencias (Incluye Alzheimer) - Avanzado,Demencias (Incluye Alzheimer) - Avanzado,281
A05,O,EGRESOS DEL PROGRAMA DE SALUD MENTAL POR ALTAS CLÍNICAS EN APS /ESPECIALIDAD,05990046,Esquizofrenia,Esquizofrenia,282
A05,O,EGRESOS DEL PROGRAMA DE SALUD MENTAL POR ALTAS CLÍNICAS EN APS /ESPECIALIDAD,05990047,Trastorno Adaptativo,Trastorno Adaptativo,283
A05,O,EGRESOS DEL PROGRAMA DE SALUD MENTAL POR ALTAS CLÍNICAS EN APS /ESPECIALIDAD,05224500,Trastornos de la Conducta Alimentaria,Trastornos de la Conducta Alimentaria,284
A05,O,EGRESOS DEL PROGRAMA DE SALUD MENTAL POR ALTAS CLÍNICAS EN APS /ESPECIALIDAD,05224800,Retraso Mental,Retraso Mental,285
A05,O,EGRESOS DEL PROGRAMA DE SALUD MENTAL POR ALTAS CLÍNICAS EN APS /ESPECIALIDAD,05224900,Trastorno de Personalidad,Trastorno de Personalidad,286
A05,O,EGRESOS DEL PROGRAMA DE SALUD MENTAL POR ALTAS CLÍNICAS EN APS /ESPECIALIDAD,05990027,Trastorno Generalizados del Desarrollo - Autismo,Trastorno Generalizados del Desarrollo - Autismo,287
A05,O,EGRESOS DEL PROGRAMA DE SALUD MENTAL POR ALTAS CLÍNICAS EN APS /ESPECIALIDAD,05990028,Trastorno Generalizados del Desarrollo - Asperger,Trastorno Generalizados del Desarrollo - Asperger,288
A05,O,EGRESOS DEL PROGRAMA DE SALUD MENTAL POR ALTAS CLÍNICAS EN APS /ESPECIALIDAD,05990029,Trastorno Generalizados del Desarrollo - Síndrome de Rett,Trastorno Generalizados del Desarrollo - Síndrome de Rett,289
A05,O,EGRESOS DEL PROGRAMA DE SALUD MENTAL POR ALTAS CLÍNICAS EN APS /ESPECIALIDAD,05990030,Trastorno Generalizados del Desarrollo - Trastorno Desintegrativo de la Infancia,Trastorno Generalizados del Desarrollo - Trastorno Desintegrativo de la Infancia,290
A05,O,EGRESOS DEL PROGRAMA DE SALUD MENTAL POR ALTAS CLÍNICAS EN APS /ESPECIALIDAD,05990031,Trastorno Generalizados del Desarrollo - Trastorno Generalizado del Desarrollo no Específico,Trastorno Generalizados del Desarrollo - Trastorno Generalizado del Desarrollo no Específico,291
A05,O,EGRESOS DEL PROGRAMA DE SALUD MENTAL POR ALTAS CLÍNICAS EN APS /ESPECIALIDAD,05970031,Epilepsia,Epilepsia,292
A05,O,EGRESOS DEL PROGRAMA DE SALUD MENTAL POR ALTAS CLÍNICAS EN APS /ESPECIALIDAD,05810446,Otras,Otras,293
A05,P,PROGRAMA DE REHABILITACIÓN (PERSONAS CON TRASTORNOS PSIQUIÁTRICOS),05810210,Programa de Rehabilitación Tipo I - Ingresos,Programa de Rehabilitación Tipo I - Ingresos,298
A05,P,PROGRAMA DE REHABILITACIÓN (PERSONAS CON TRASTORNOS PSIQUIÁTRICOS),05810220,Programa de Rehabilitación Tipo I - Egresos,Programa de Rehabilitación Tipo I - Egresos,299
A05,P,PROGRAMA DE REHABILITACIÓN (PERSONAS CON TRASTORNOS PSIQUIÁTRICOS),05810230,Programa de Rehabilitación Tipo II - Ingresos,Programa de Rehabilitación Tipo II - Ingresos,300
A05,P,PROGRAMA DE REHABILITACIÓN (PERSONAS CON TRASTORNOS PSIQUIÁTRICOS),05810240,Programa de Rehabilitación Tipo II - Egresos,Programa de Rehabilitación Tipo II - Egresos,301
A05,Q,INGRESOS Y EGRESOS A PROGRAMA INFECCIÓN POR TRANSMISIÓN SEXUAL (Uso de establecimientos que realizan atención de ITS),05810241,Gestantes - Sífilis,Gestantes - Sífilis,307
A05,Q,INGRESOS Y EGRESOS A PROGRAMA INFECCIÓN POR TRANSMISIÓN SEXUAL (Uso de establecimientos que realizan atención de ITS),05810242,Gestantes - Gonorrea,Gestantes - Gonorrea,308
A05,Q,INGRESOS Y EGRESOS A PROGRAMA INFECCIÓN POR TRANSMISIÓN SEXUAL (Uso de establecimientos que realizan atención de ITS),05810243,Gestantes - Condiloma,Gestantes - Condiloma,309
A05,Q,INGRESOS Y EGRESOS A PROGRAMA INFECCIÓN POR TRANSMISIÓN SEXUAL (Uso de establecimientos que realizan atención de ITS),05810244,Gestantes - Herpes,Gestantes - Herpes,310
A05,Q,INGRESOS Y EGRESOS A PROGRAMA INFECCIÓN POR TRANSMISIÓN SEXUAL (Uso de establecimientos que realizan atención de ITS),05810245,Gestantes - Chlamydias,Gestantes - Chlamydias,311
A05,Q,INGRESOS Y EGRESOS A PROGRAMA INFECCIÓN POR TRANSMISIÓN SEXUAL (Uso de establecimientos que realizan atención de ITS),05810246,Gestantes - Uretritis no Gonocócica,Gestantes - Uretritis no Gonocócica,312
A05,Q,INGRESOS Y EGRESOS A PROGRAMA INFECCIÓN POR TRANSMISIÓN SEXUAL (Uso de establecimientos que realizan atención de ITS),05810247,Gestantes - Linfogranuloma,Gestantes - Linfogranuloma,313
A05,Q,INGRESOS Y EGRESOS A PROGRAMA INFECCIÓN POR TRANSMISIÓN SEXUAL (Uso de establecimientos que realizan atención de ITS),05810248,Gestantes - Chancroide,Gestantes - Chancroide,314
A05,Q,INGRESOS Y EGRESOS A PROGRAMA INFECCIÓN POR TRANSMISIÓN SEXUAL (Uso de establecimientos que realizan atención de ITS),05810249,Gestantes - Otras ITS,Gestantes - Otras ITS,315
A05,Q,INGRESOS Y EGRESOS A PROGRAMA INFECCIÓN POR TRANSMISIÓN SEXUAL (Uso de establecimientos que realizan atención de ITS),05810250,No Gestantes - Sífilis,No Gestantes - Sífilis,316
A05,Q,INGRESOS Y EGRESOS A PROGRAMA INFECCIÓN POR TRANSMISIÓN SEXUAL (Uso de establecimientos que realizan atención de ITS),05810251,No Gestantes - Gonorrea,No Gestantes - Gonorrea,317
A05,Q,INGRESOS Y EGRESOS A PROGRAMA INFECCIÓN POR TRANSMISIÓN SEXUAL (Uso de establecimientos que realizan atención de ITS),05810252,No Gestantes - Condiloma,No Gestantes - Condiloma,318
A05,Q,INGRESOS Y EGRESOS A PROGRAMA INFECCIÓN POR TRANSMISIÓN SEXUAL (Uso de establecimientos que realizan atención de ITS),05810253,No Gestantes - Herpes,No Gestantes - Herpes,319
A05,Q,INGRESOS Y EGRESOS A PROGRAMA INFECCIÓN POR TRANSMISIÓN SEXUAL (Uso de establecimientos que realizan atención de ITS),05810254,No Gestantes - Chlamydias,No Gestantes - Chlamydias,320
A05,Q,INGRESOS Y EGRESOS A PROGRAMA INFECCIÓN POR TRANSMISIÓN SEXUAL (Uso de establecimientos que realizan atención de ITS),05810255,No Gestantes - Uretritis no Gonocócica,No Gestantes - Uretritis no Gonocócica,321
A05,Q,INGRESOS Y EGRESOS A PROGRAMA INFECCIÓN POR TRANSMISIÓN SEXUAL (Uso de establecimientos que realizan atención de ITS),05810256,No Gestantes - Linfogranuloma,No Gestantes - Linfogranuloma,322
A05,Q,INGRESOS Y EGRESOS A PROGRAMA INFECCIÓN POR TRANSMISIÓN SEXUAL (Uso de establecimientos que realizan atención de ITS),05810257,No Gestantes - Chancroide,No Gestantes - Chancroide,323
A05,Q,INGRESOS Y EGRESOS A PROGRAMA INFECCIÓN POR TRANSMISIÓN SEXUAL (Uso de establecimientos que realizan atención de ITS),05810258,No Gestantes - Otras ITS,No Gestantes - Otras ITS,324
A05,R,INGRESOS Y EGRESOS DEL PROGRAMA DE VIH/SIDA (Uso exclusivo Centros de Atención VIH-SIDA),05970036,Ingresos al programa - Gestantes,Ingresos al programa - Gestantes,329
A05,R,INGRESOS Y EGRESOS DEL PROGRAMA DE VIH/SIDA (Uso exclusivo Centros de Atención VIH-SIDA),05970037,Ingresos al programa - No Gestantes,Ingresos al programa - No Gestantes,330
A05,R,INGRESOS Y EGRESOS DEL PROGRAMA DE VIH/SIDA (Uso exclusivo Centros de Atención VIH-SIDA),05990032,Reingresos por abandono,Reingresos por abandono,331
A05,R,INGRESOS Y EGRESOS DEL PROGRAMA DE VIH/SIDA (Uso exclusivo Centros de Atención VIH-SIDA),05810370,Total egresos,Total egresos,332
A05,R,INGRESOS Y EGRESOS DEL PROGRAMA DE VIH/SIDA (Uso exclusivo Centros de Atención VIH-SIDA),05810410,Egresos por Fallecimiento (Incluido en Total Egresos),Egresos por Fallecimiento (Incluido en Total Egresos),333
A05,R,INGRESOS Y EGRESOS DEL PROGRAMA DE VIH/SIDA (Uso exclusivo Centros de Atención VIH-SIDA),05052300A,Egresos por Alta Hijo VIH (-) de Madre VIH (+)Incluido en Total Egresos,Egresos por Alta Hijo VIH (-) de Madre VIH (+)Incluido en Total Egresos,334
A05,R,INGRESOS Y EGRESOS DEL PROGRAMA DE VIH/SIDA (Uso exclusivo Centros de Atención VIH-SIDA),05052400,Evaluación Movilidad Programa - Abandono Controles,Evaluación Movilidad Programa - Abandono Controles,335
A05,R,INGRESOS Y EGRESOS DEL PROGRAMA DE VIH/SIDA (Uso exclusivo Centros de Atención VIH-SIDA),05052500,Evaluación Movilidad Programa - Abandono Tratamiento,Evaluación Movilidad Programa - Abandono Tratamiento,336
A05,R,INGRESOS Y EGRESOS DEL PROGRAMA DE VIH/SIDA (Uso exclusivo Centros de Atención VIH-SIDA),05052600,Evaluación Movilidad Programa - Abandono de la Atención,Evaluación Movilidad Programa - Abandono de la Atención,337
A05,R,INGRESOS Y EGRESOS DEL PROGRAMA DE VIH/SIDA (Uso exclusivo Centros de Atención VIH-SIDA),05990033,Evaluación Movilidad Programa - Ingresos por Traslado,Evaluación Movilidad Programa - Ingresos por Traslado,338
A05,R,INGRESOS Y EGRESOS DEL PROGRAMA DE VIH/SIDA (Uso exclusivo Centros de Atención VIH-SIDA),05990034,Evaluación Movilidad Programa - Egresos por Traslado,Evaluación Movilidad Programa - Egresos por Traslado,339
A05,S,INGRESOS Y EGRESOS POR COMERCIO SEXUAL (Uso exclusivo de Unidades Control Comercio Sexual),05810420,Ingresos al programa,Ingresos al programa,344
A05,S,INGRESOS Y EGRESOS POR COMERCIO SEXUAL (Uso exclusivo de Unidades Control Comercio Sexual),05810430,Total egresos,Total egresos,345
A05,S,INGRESOS Y EGRESOS POR COMERCIO SEXUAL (Uso exclusivo de Unidades Control Comercio Sexual),05052700,Inasistentes,Inasistentes,346
A05,T,INGRESOS Y EGRESOS PROGRAMA DE ACOMPAÑAMIENTO PSICOSOCIAL EN ATENCIÓN PRIMARIA,05052701,Ingresos,Ingresos,351
A05,T,INGRESOS Y EGRESOS PROGRAMA DE ACOMPAÑAMIENTO PSICOSOCIAL EN ATENCIÓN PRIMARIA,05052702,Egresos,Egresos,352
A05,U,INGRESOS INTEGRALES DE PERSONAS CON CONDICIONES CRÓNICAS EN ATENCIÓN PRIMARIA,05980010,Ingreso Integral - Riesgo Leve (G1),Ingreso Integral - Riesgo Leve (G1),357
A05,U,INGRESOS INTEGRALES DE PERSONAS CON CONDICIONES CRÓNICAS EN ATENCIÓN PRIMARIA,05980020,Ingreso Integral - Riesgo Moderado (G2),Ingreso Integral - Riesgo Moderado (G2),358
A05,U,INGRESOS INTEGRALES DE PERSONAS CON CONDICIONES CRÓNICAS EN ATENCIÓN PRIMARIA,05980030,Ingreso Integral - Riesgo Alto (G3),Ingreso Integral - Riesgo Alto (G3),359
A05,U,INGRESOS INTEGRALES DE PERSONAS CON CONDICIONES CRÓNICAS EN ATENCIÓN PRIMARIA,05980040,Plan de Cuidado Elaborado - Riesgo Leve (G1),Plan de Cuidado Elaborado - Riesgo Leve (G1),360
A05,U,INGRESOS INTEGRALES DE PERSONAS CON CONDICIONES CRÓNICAS EN ATENCIÓN PRIMARIA,05980050,Plan de Cuidado Elaborado - Riesgo Moderado (G2),Plan de Cuidado Elaborado - Riesgo Moderado (G2),361
A05,U,INGRESOS INTEGRALES DE PERSONAS CON CONDICIONES CRÓNICAS EN ATENCIÓN PRIMARIA,05980060,Plan de Cuidado Elaborado - Riesgo Alto (G3),Plan de Cuidado Elaborado - Riesgo Alto (G3),362
A05,U,INGRESOS INTEGRALES DE PERSONAS CON CONDICIONES CRÓNICAS EN ATENCIÓN PRIMARIA,05990048,Gestión de casos - Ingreso Riesgo Alto (G3),Gestión de casos - Ingreso Riesgo Alto (G3),363
A05,U,INGRESOS INTEGRALES DE PERSONAS CON CONDICIONES CRÓNICAS EN ATENCIÓN PRIMARIA,05990049,Gestión de casos - Ingreso Riesgo Moderado (G2),Gestión de casos - Ingreso Riesgo Moderado (G2),364
A05,U,INGRESOS INTEGRALES DE PERSONAS CON CONDICIONES CRÓNICAS EN ATENCIÓN PRIMARIA,05990050,Gestión de casos - Egreso Riesgo Alto (G3),Gestión de casos - Egreso Riesgo Alto (G3),365
A05,U,INGRESOS INTEGRALES DE PERSONAS CON CONDICIONES CRÓNICAS EN ATENCIÓN PRIMARIA,05990051,Gestión de casos - Egreso Riesgo Moderado (G2),Gestión de casos - Egreso Riesgo Moderado (G2),366
A05,V,INGRESOS Y EGRESOS DEL PROGRAMA DE ATENCIÓN DOMICILIARIA PARA PERSONAS CON DEPENDENCIA SEVERA,05990087,Ingresos con Plan de Cuidado Integral (ingresado vía ECICEP),Ingresos con Plan de Cuidado Integral (ingresado vía ECICEP),372
A05,V,INGRESOS Y EGRESOS DEL PROGRAMA DE ATENCIÓN DOMICILIARIA PARA PERSONAS CON DEPENDENCIA SEVERA,05990088,Ingresos con Plan de Cuidado Integral (no ingresados a ECICEP),Ingresos con Plan de Cuidado Integral (no ingresados a ECICEP),373
A05,V,INGRESOS Y EGRESOS DEL PROGRAMA DE ATENCIÓN DOMICILIARIA PARA PERSONAS CON DEPENDENCIA SEVERA,05990089,Ingreso con Plan de Cuidado al Cuidador (ingresado vía ECICEP),Ingreso con Plan de Cuidado al Cuidador (ingresado vía ECICEP),375
A05,V,INGRESOS Y EGRESOS DEL PROGRAMA DE ATENCIÓN DOMICILIARIA PARA PERSONAS CON DEPENDENCIA SEVERA,05990090,Ingreso con Plan de Cuidado al cuidador (no ingresado a ECICEP),Ingreso con Plan de Cuidado al cuidador (no ingresado a ECICEP),376
A05,V,INGRESOS Y EGRESOS DEL PROGRAMA DE ATENCIÓN DOMICILIARIA PARA PERSONAS CON DEPENDENCIA SEVERA,05990091,Egresos por alta (disminuye nivel de dependencia),Egresos por alta (disminuye nivel de dependencia),378
A05,V,INGRESOS Y EGRESOS DEL PROGRAMA DE ATENCIÓN DOMICILIARIA PARA PERSONAS CON DEPENDENCIA SEVERA,05990092,Egresos por alta administrativa,Egresos por alta administrativa,379
A05,V,INGRESOS Y EGRESOS DEL PROGRAMA DE ATENCIÓN DOMICILIARIA PARA PERSONAS CON DEPENDENCIA SEVERA,05990093,Egreso por traslado,Egreso por traslado,380
A05,V,INGRESOS Y EGRESOS DEL PROGRAMA DE ATENCIÓN DOMICILIARIA PARA PERSONAS CON DEPENDENCIA SEVERA,05990094,Egresos por fallecimiento,Egresos por fallecimiento,381
A05,V,INGRESOS Y EGRESOS DEL PROGRAMA DE ATENCIÓN DOMICILIARIA PARA PERSONAS CON DEPENDENCIA SEVERA,05990095,Egresos por otras causas,Egresos por otras causas,382
A05,V,INGRESOS Y EGRESOS DEL PROGRAMA DE ATENCIÓN DOMICILIARIA PARA PERSONAS CON DEPENDENCIA SEVERA,05990096,Egreso por alta persona con dependencia,Egreso por alta persona con dependencia,384
A05,V,INGRESOS Y EGRESOS DEL PROGRAMA DE ATENCIÓN DOMICILIARIA PARA PERSONAS CON DEPENDENCIA SEVERA,05990097,Egreso por cambio de cuidador,Egreso por cambio de cuidador,385
A05,V,INGRESOS Y EGRESOS DEL PROGRAMA DE ATENCIÓN DOMICILIARIA PARA PERSONAS CON DEPENDENCIA SEVERA,05990098,Egreso por alta administrativa,Egreso por alta administrativa,386
A05,V,INGRESOS Y EGRESOS DEL PROGRAMA DE ATENCIÓN DOMICILIARIA PARA PERSONAS CON DEPENDENCIA SEVERA,05990099,Egreso por traslado,Egreso por traslado,387
A05,V,INGRESOS Y EGRESOS DEL PROGRAMA DE ATENCIÓN DOMICILIARIA PARA PERSONAS CON DEPENDENCIA SEVERA,05990100,Egreso por fallecimiento persona con dependencia,Egreso por fallecimiento persona con dependencia,388
A05,V,INGRESOS Y EGRESOS DEL PROGRAMA DE ATENCIÓN DOMICILIARIA PARA PERSONAS CON DEPENDENCIA SEVERA,05990101,Egreso por fallecimiento cuidador,Egreso por fallecimiento cuidador,389
A05,W,INGRESO Y EGRESO PROGRAMA ACOMPAÑAMIENTO A LA IDENTIDAD DE GENERO EN NIVEL DE ESPECIALIDAD,05990102,"Número de Niños, Niñas y Adolescentes en atención","Número de Niños, Niñas y Adolescentes en atención",394
A05,W,INGRESO Y EGRESO PROGRAMA ACOMPAÑAMIENTO A LA IDENTIDAD DE GENERO EN NIVEL DE ESPECIALIDAD,05990103,Ingresos con nivel de riesgo bajo,Ingresos con nivel de riesgo bajo,396
A05,W,INGRESO Y EGRESO PROGRAMA ACOMPAÑAMIENTO A LA IDENTIDAD DE GENERO EN NIVEL DE ESPECIALIDAD,05990104,Ingresos con nivel riesgo medio,Ingresos con nivel riesgo medio,397
A05,W,INGRESO Y EGRESO PROGRAMA ACOMPAÑAMIENTO A LA IDENTIDAD DE GENERO EN NIVEL DE ESPECIALIDAD,05990105,Ingresos con nivel de riesgo alto,Ingresos con nivel de riesgo alto,398
A05,W,INGRESO Y EGRESO PROGRAMA ACOMPAÑAMIENTO A LA IDENTIDAD DE GENERO EN NIVEL DE ESPECIALIDAD,05990106,Egresos con nivel de riesgo bajo,Egresos con nivel de riesgo bajo,400
A05,W,INGRESO Y EGRESO PROGRAMA ACOMPAÑAMIENTO A LA IDENTIDAD DE GENERO EN NIVEL DE ESPECIALIDAD,05990107,Egresos con nivel riesgo medio,Egresos con nivel riesgo medio,401
A05,W,INGRESO Y EGRESO PROGRAMA ACOMPAÑAMIENTO A LA IDENTIDAD DE GENERO EN NIVEL DE ESPECIALIDAD,05990108,Egresos con nivel de riesgo alto,Egresos con nivel de riesgo alto,402
A05,W,INGRESO Y EGRESO PROGRAMA ACOMPAÑAMIENTO A LA IDENTIDAD DE GENERO EN NIVEL DE ESPECIALIDAD,05990109,Egresos sin completar PCI,Egresos sin completar PCI,403
A05,W,INGRESO Y EGRESO PROGRAMA ACOMPAÑAMIENTO A LA IDENTIDAD DE GENERO EN NIVEL DE ESPECIALIDAD,05990110,Egresos por abandono,Egresos por abandono,404
A05,X,INTERVENCIONES REALIZADAS POR ÁMBITO DENTRO DEL PROGRAMA DE ACOMPAÑAMIENTO A LA IDENTIDAD DE GÉNERO (PAIG),05990111,Ámbito individual,Ámbito individual,409
A05,X,INTERVENCIONES REALIZADAS POR ÁMBITO DENTRO DEL PROGRAMA DE ACOMPAÑAMIENTO A LA IDENTIDAD DE GÉNERO (PAIG),05990112,Ámbito familiar,Ámbito familiar,410
A05,X,INTERVENCIONES REALIZADAS POR ÁMBITO DENTRO DEL PROGRAMA DE ACOMPAÑAMIENTO A LA IDENTIDAD DE GÉNERO (PAIG),05990113,Ámbito educativo,Ámbito educativo,411
