rem,seccion,seccion_nombre,codigo_prestacion,detalle_prestacion,codigo_columna,columna_excel,columna_indice_excel,columna_detalle,columna_categoria,columna_subcategoria,columna_sub_subcategoria,columna_nivel_4,columna_nivel_5,columna_niveles,fila_excel
P11,A,POBLACIÓN EN CONTROL DEL PROGRAMA DE VIH/SIDA (Uso exclusivo Centros de Atención VIH-SIDA),P11000150,Nº Total de personas con VIH/SIDA - Gestantes - Inicia TARV en este embarazo,COL01,E,5,TOTAL - Ambos sexos,TOTAL,Ambos sexos,,,,"['TOTAL', 'Ambos sexos']",12
P11,A,POBLACIÓN EN CONTROL DEL PROGRAMA DE VIH/SIDA (Uso exclusivo Centros de Atención VIH-SIDA),P11000150,Nº Total de personas con VIH/SIDA - Gestantes - Inicia TARV en este embarazo,COL02,F,6,TOTAL - Hombres,TOTAL,Hombres,,,,"['TOTAL', 'Hombres']",12
P11,A,POBLACIÓN EN CONTROL DEL PROGRAMA DE VIH/SIDA (Uso exclusivo Centros de Atención VIH-SIDA),P11000150,Nº Total de personas con VIH/SIDA - Gestantes - Inicia TARV en este embarazo,COL03,G,7,TOTAL - Mujeres,TOTAL,Mujeres,,,,"['TOTAL', 'Mujeres']",12
P11,A,POBLACIÓN EN CONTROL DEL PROGRAMA DE VIH/SIDA (Uso exclusivo Centros de Atención VIH-SIDA),P11000150,Nº Total de personas con VIH/SIDA - Gestantes - Inicia TARV en este embarazo,COL04,H,8,RANGO ETARIO Y SEXO - Menor 1 Año - Hombres,RANGO ETARIO Y SEXO,Menor 1 Año,Hombres,,,"['RANGO ETARIO Y SEXO', 'Menor 1 Año', 'Hombres']",12
P11,A,POBLACIÓN EN CONTROL DEL PROGRAMA DE VIH/SIDA (Uso exclusivo Centros de Atención VIH-SIDA),P11000150,Nº Total de personas con VIH/SIDA - Gestantes - Inicia TARV en este embarazo,COL05,I,9,RANGO ETARIO Y SEXO - Menor 1 Año - Mujeres,RANGO ETARIO Y SEXO,Menor 1 Año,Mujeres,,,"['RANGO ETARIO Y SEXO', 'Menor 1 Año', 'Mujeres']",12
P11,A,POBLACIÓN EN CONTROL DEL PROGRAMA DE VIH/SIDA (Uso exclusivo Centros de Atención VIH-SIDA),P11000150,Nº Total de personas con VIH/SIDA - Gestantes - Inicia TARV en este embarazo,COL06,J,10,RANGO ETARIO Y SEXO - 1 año - Hombres,RANGO ETARIO Y SEXO,1 año,Hombres,,,"['RANGO ETARIO Y SEXO', '1 año', 'Hombres']",12
P11,A,POBLACIÓN EN CONTROL DEL PROGRAMA DE VIH/SIDA (Uso exclusivo Centros de Atención VIH-SIDA),P11000150,Nº Total de personas con VIH/SIDA - Gestantes - Inicia TARV en este embarazo,COL07,K,11,RANGO ETARIO Y SEXO - 1 año - Mujeres,RANGO ETARIO Y SEXO,1 año,Mujeres,,,"['RANGO ETARIO Y SEXO', '1 año', 'Mujeres']",12
P11,A,POBLACIÓN EN CONTROL DEL PROGRAMA DE VIH/SIDA (Uso exclusivo Centros de Atención VIH-SIDA),P11000150,Nº Total de personas con VIH/SIDA - Gestantes - Inicia TARV en este embarazo,COL08,L,12,RANGO ETARIO Y SEXO - 2 a 4 años - Hombres,RANGO ETARIO Y SEXO,2 a 4 años,Hombres,,,"['RANGO ETARIO Y SEXO', '2 a 4 años', 'Hombres']",12
P11,A,POBLACIÓN EN CONTROL DEL PROGRAMA DE VIH/SIDA (Uso exclusivo Centros de Atención VIH-SIDA),P11000150,Nº Total de personas con VIH/SIDA - Gestantes - Inicia TARV en este embarazo,COL09,M,13,RANGO ETARIO Y SEXO - 2 a 4 años - Mujeres,RANGO ETARIO Y SEXO,2 a 4 años,Mujeres,,,"['RANGO ETARIO Y SEXO', '2 a 4 años', 'Mujeres']",12
P11,A,POBLACIÓN EN CONTROL DEL PROGRAMA DE VIH/SIDA (Uso exclusivo Centros de Atención VIH-SIDA),P11000150,Nº Total de personas con VIH/SIDA - Gestantes - Inicia TARV en este embarazo,COL10,N,14,RANGO ETARIO Y SEXO - 5 a 9 años - Hombres,RANGO ETARIO Y SEXO,5 a 9 años,Hombres,,,"['RANGO ETARIO Y SEXO', '5 a 9 años', 'Hombres']",12
P11,A,POBLACIÓN EN CONTROL DEL PROGRAMA DE VIH/SIDA (Uso exclusivo Centros de Atención VIH-SIDA),P11000150,Nº Total de personas con VIH/SIDA - Gestantes - Inicia TARV en este embarazo,COL11,O,15,RANGO ETARIO Y SEXO - 5 a 9 años - Mujeres,RANGO ETARIO Y SEXO,5 a 9 años,Mujeres,,,"['RANGO ETARIO Y SEXO', '5 a 9 años', 'Mujeres']",12
P11,A,POBLACIÓN EN CONTROL DEL PROGRAMA DE VIH/SIDA (Uso exclusivo Centros de Atención VIH-SIDA),P11000150,Nº Total de personas con VIH/SIDA - Gestantes - Inicia TARV en este embarazo,COL12,P,16,RANGO ETARIO Y SEXO - 10 a 14 años - Hombres,RANGO ETARIO Y SEXO,10 a 14 años,Hombres,,,"['RANGO ETARIO Y SEXO', '10 a 14 años', 'Hombres']",12
P11,A,POBLACIÓN EN CONTROL DEL PROGRAMA DE VIH/SIDA (Uso exclusivo Centros de Atención VIH-SIDA),P11000150,Nº Total de personas con VIH/SIDA - Gestantes - Inicia TARV en este embarazo,COL13,Q,17,RANGO ETARIO Y SEXO - 10 a 14 años - Mujeres,RANGO ETARIO Y SEXO,10 a 14 años,Mujeres,,,"['RANGO ETARIO Y SEXO', '10 a 14 años', 'Mujeres']",12
P11,A,POBLACIÓN EN CONTROL DEL PROGRAMA DE VIH/SIDA (Uso exclusivo Centros de Atención VIH-SIDA),P11000150,Nº Total de personas con VIH/SIDA - Gestantes - Inicia TARV en este embarazo,COL14,R,18,RANGO ETARIO Y SEXO - 15 a 19 años - Hombres,RANGO ETARIO Y SEXO,15 a 19 años,Hombres,,,"['RANGO ETARIO Y SEXO', '15 a 19 años', 'Hombres']",12
P11,A,POBLACIÓN EN CONTROL DEL PROGRAMA DE VIH/SIDA (Uso exclusivo Centros de Atención VIH-SIDA),P11000150,Nº Total de personas con VIH/SIDA - Gestantes - Inicia TARV en este embarazo,COL15,S,19,RANGO ETARIO Y SEXO - 15 a 19 años - Mujeres,RANGO ETARIO Y SEXO,15 a 19 años,Mujeres,,,"['RANGO ETARIO Y SEXO', '15 a 19 años', 'Mujeres']",12
P11,A,POBLACIÓN EN CONTROL DEL PROGRAMA DE VIH/SIDA (Uso exclusivo Centros de Atención VIH-SIDA),P11000150,Nº Total de personas con VIH/SIDA - Gestantes - Inicia TARV en este embarazo,COL16,T,20,RANGO ETARIO Y SEXO - 20 a 24 años - Hombres,RANGO ETARIO Y SEXO,20 a 24 años,Hombres,,,"['RANGO ETARIO Y SEXO', '20 a 24 años', 'Hombres']",12
P11,A,POBLACIÓN EN CONTROL DEL PROGRAMA DE VIH/SIDA (Uso exclusivo Centros de Atención VIH-SIDA),P11000150,Nº Total de personas con VIH/SIDA - Gestantes - Inicia TARV en este embarazo,COL17,U,21,RANGO ETARIO Y SEXO - 20 a 24 años - Mujeres,RANGO ETARIO Y SEXO,20 a 24 años,Mujeres,,,"['RANGO ETARIO Y SEXO', '20 a 24 años', 'Mujeres']",12
P11,A,POBLACIÓN EN CONTROL DEL PROGRAMA DE VIH/SIDA (Uso exclusivo Centros de Atención VIH-SIDA),P11000150,Nº Total de personas con VIH/SIDA - Gestantes - Inicia TARV en este embarazo,COL18,V,22,RANGO ETARIO Y SEXO - 25 a 29 años - Hombres,RANGO ETARIO Y SEXO,25 a 29 años,Hombres,,,"['RANGO ETARIO Y SEXO', '25 a 29 años', 'Hombres']",12
P11,A,POBLACIÓN EN CONTROL DEL PROGRAMA DE VIH/SIDA (Uso exclusivo Centros de Atención VIH-SIDA),P11000150,Nº Total de personas con VIH/SIDA - Gestantes - Inicia TARV en este embarazo,COL19,W,23,RANGO ETARIO Y SEXO - 25 a 29 años - Mujeres,RANGO ETARIO Y SEXO,25 a 29 años,Mujeres,,,"['RANGO ETARIO Y SEXO', '25 a 29 años', 'Mujeres']",12
P11,A,POBLACIÓN EN CONTROL DEL PROGRAMA DE VIH/SIDA (Uso exclusivo Centros de Atención VIH-SIDA),P11000150,Nº Total de personas con VIH/SIDA - Gestantes - Inicia TARV en este embarazo,COL20,X,24,RANGO ETARIO Y SEXO - 30 a 34 años - Hombres,RANGO ETARIO Y SEXO,30 a 34 años,Hombres,,,"['RANGO ETARIO Y SEXO', '30 a 34 años', 'Hombres']",12
P11,A,POBLACIÓN EN CONTROL DEL PROGRAMA DE VIH/SIDA (Uso exclusivo Centros de Atención VIH-SIDA),P11000150,Nº Total de personas con VIH/SIDA - Gestantes - Inicia TARV en este embarazo,COL21,Y,25,RANGO ETARIO Y SEXO - 30 a 34 años - Mujeres,RANGO ETARIO Y SEXO,30 a 34 años,Mujeres,,,"['RANGO ETARIO Y SEXO', '30 a 34 años', 'Mujeres']",12
P11,A,POBLACIÓN EN CONTROL DEL PROGRAMA DE VIH/SIDA (Uso exclusivo Centros de Atención VIH-SIDA),P11000150,Nº Total de personas con VIH/SIDA - Gestantes - Inicia TARV en este embarazo,COL22,Z,26,RANGO ETARIO Y SEXO - 35 a 39 años - Hombres,RANGO ETARIO Y SEXO,35 a 39 años,Hombres,,,"['RANGO ETARIO Y SEXO', '35 a 39 años', 'Hombres']",12
P11,A,POBLACIÓN EN CONTROL DEL PROGRAMA DE VIH/SIDA (Uso exclusivo Centros de Atención VIH-SIDA),P11000150,Nº Total de personas con VIH/SIDA - Gestantes - Inicia TARV en este embarazo,COL23,AA,27,RANGO ETARIO Y SEXO - 35 a 39 años - Mujeres,RANGO ETARIO Y SEXO,35 a 39 años,Mujeres,,,"['RANGO ETARIO Y SEXO', '35 a 39 años', 'Mujeres']",12
P11,A,POBLACIÓN EN CONTROL DEL PROGRAMA DE VIH/SIDA (Uso exclusivo Centros de Atención VIH-SIDA),P11000150,Nº Total de personas con VIH/SIDA - Gestantes - Inicia TARV en este embarazo,COL24,AB,28,RANGO ETARIO Y SEXO - 40 a 44 años - Hombres,RANGO ETARIO Y SEXO,40 a 44 años,Hombres,,,"['RANGO ETARIO Y SEXO', '40 a 44 años', 'Hombres']",12
P11,A,POBLACIÓN EN CONTROL DEL PROGRAMA DE VIH/SIDA (Uso exclusivo Centros de Atención VIH-SIDA),P11000150,Nº Total de personas con VIH/SIDA - Gestantes - Inicia TARV en este embarazo,COL25,AC,29,RANGO ETARIO Y SEXO - 40 a 44 años - Mujeres,RANGO ETARIO Y SEXO,40 a 44 años,Mujeres,,,"['RANGO ETARIO Y SEXO', '40 a 44 años', 'Mujeres']",12
P11,A,POBLACIÓN EN CONTROL DEL PROGRAMA DE VIH/SIDA (Uso exclusivo Centros de Atención VIH-SIDA),P11000150,Nº Total de personas con VIH/SIDA - Gestantes - Inicia TARV en este embarazo,COL26,AD,30,RANGO ETARIO Y SEXO - 45 a 49 años - Hombres,RANGO ETARIO Y SEXO,45 a 49 años,Hombres,,,"['RANGO ETARIO Y SEXO', '45 a 49 años', 'Hombres']",12
P11,A,POBLACIÓN EN CONTROL DEL PROGRAMA DE VIH/SIDA (Uso exclusivo Centros de Atención VIH-SIDA),P11000150,Nº Total de personas con VIH/SIDA - Gestantes - Inicia TARV en este embarazo,COL27,AE,31,RANGO ETARIO Y SEXO - 45 a 49 años - Mujeres,RANGO ETARIO Y SEXO,45 a 49 años,Mujeres,,,"['RANGO ETARIO Y SEXO', '45 a 49 años', 'Mujeres']",12
P11,A,POBLACIÓN EN CONTROL DEL PROGRAMA DE VIH/SIDA (Uso exclusivo Centros de Atención VIH-SIDA),P11000150,Nº Total de personas con VIH/SIDA - Gestantes - Inicia TARV en este embarazo,COL28,AF,32,RANGO ETARIO Y SEXO - 50 a 54 años - Hombres,RANGO ETARIO Y SEXO,50 a 54 años,Hombres,,,"['RANGO ETARIO Y SEXO', '50 a 54 años', 'Hombres']",12
P11,A,POBLACIÓN EN CONTROL DEL PROGRAMA DE VIH/SIDA (Uso exclusivo Centros de Atención VIH-SIDA),P11000150,Nº Total de personas con VIH/SIDA - Gestantes - Inicia TARV en este embarazo,COL29,AG,33,RANGO ETARIO Y SEXO - 50 a 54 años - Mujeres,RANGO ETARIO Y SEXO,50 a 54 años,Mujeres,,,"['RANGO ETARIO Y SEXO', '50 a 54 años', 'Mujeres']",12
P11,A,POBLACIÓN EN CONTROL DEL PROGRAMA DE VIH/SIDA (Uso exclusivo Centros de Atención VIH-SIDA),P11000150,Nº Total de personas con VIH/SIDA - Gestantes - Inicia TARV en este embarazo,COL30,AH,34,RANGO ETARIO Y SEXO - 55 a 59 años - Hombres,RANGO ETARIO Y SEXO,55 a 59 años,Hombres,,,"['RANGO ETARIO Y SEXO', '55 a 59 años', 'Hombres']",12
P11,A,POBLACIÓN EN CONTROL DEL PROGRAMA DE VIH/SIDA (Uso exclusivo Centros de Atención VIH-SIDA),P11000150,Nº Total de personas con VIH/SIDA - Gestantes - Inicia TARV en este embarazo,COL31,AI,35,RANGO ETARIO Y SEXO - 55 a 59 años - Mujeres,RANGO ETARIO Y SEXO,55 a 59 años,Mujeres,,,"['RANGO ETARIO Y SEXO', '55 a 59 años', 'Mujeres']",12
P11,A,POBLACIÓN EN CONTROL DEL PROGRAMA DE VIH/SIDA (Uso exclusivo Centros de Atención VIH-SIDA),P11000150,Nº Total de personas con VIH/SIDA - Gestantes - Inicia TARV en este embarazo,COL32,AJ,36,RANGO ETARIO Y SEXO - 60 a 64 años - Hombres,RANGO ETARIO Y SEXO,60 a 64 años,Hombres,,,"['RANGO ETARIO Y SEXO', '60 a 64 años', 'Hombres']",12
P11,A,POBLACIÓN EN CONTROL DEL PROGRAMA DE VIH/SIDA (Uso exclusivo Centros de Atención VIH-SIDA),P11000150,Nº Total de personas con VIH/SIDA - Gestantes - Inicia TARV en este embarazo,COL33,AK,37,RANGO ETARIO Y SEXO - 60 a 64 años - Mujeres,RANGO ETARIO Y SEXO,60 a 64 años,Mujeres,,,"['RANGO ETARIO Y SEXO', '60 a 64 años', 'Mujeres']",12
P11,A,POBLACIÓN EN CONTROL DEL PROGRAMA DE VIH/SIDA (Uso exclusivo Centros de Atención VIH-SIDA),P11000150,Nº Total de personas con VIH/SIDA - Gestantes - Inicia TARV en este embarazo,COL34,AL,38,RANGO ETARIO Y SEXO - 65 a 69 años - Hombres,RANGO ETARIO Y SEXO,65 a 69 años,Hombres,,,"['RANGO ETARIO Y SEXO', '65 a 69 años', 'Hombres']",12
P11,A,POBLACIÓN EN CONTROL DEL PROGRAMA DE VIH/SIDA (Uso exclusivo Centros de Atención VIH-SIDA),P11000150,Nº Total de personas con VIH/SIDA - Gestantes - Inicia TARV en este embarazo,COL35,AM,39,RANGO ETARIO Y SEXO - 65 a 69 años - Mujeres,RANGO ETARIO Y SEXO,65 a 69 años,Mujeres,,,"['RANGO ETARIO Y SEXO', '65 a 69 años', 'Mujeres']",12
P11,A,POBLACIÓN EN CONTROL DEL PROGRAMA DE VIH/SIDA (Uso exclusivo Centros de Atención VIH-SIDA),P11000150,Nº Total de personas con VIH/SIDA - Gestantes - Inicia TARV en este embarazo,COL36,AN,40,RANGO ETARIO Y SEXO - 70 a 74 años - Hombres,RANGO ETARIO Y SEXO,70 a 74 años,Hombres,,,"['RANGO ETARIO Y SEXO', '70 a 74 años', 'Hombres']",12
P11,A,POBLACIÓN EN CONTROL DEL PROGRAMA DE VIH/SIDA (Uso exclusivo Centros de Atención VIH-SIDA),P11000150,Nº Total de personas con VIH/SIDA - Gestantes - Inicia TARV en este embarazo,COL37,AO,41,RANGO ETARIO Y SEXO - 70 a 74 años - Mujeres,RANGO ETARIO Y SEXO,70 a 74 años,Mujeres,,,"['RANGO ETARIO Y SEXO', '70 a 74 años', 'Mujeres']",12
P11,A,POBLACIÓN EN CONTROL DEL PROGRAMA DE VIH/SIDA (Uso exclusivo Centros de Atención VIH-SIDA),P11000150,Nº Total de personas con VIH/SIDA - Gestantes - Inicia TARV en este embarazo,COL38,AP,42,RANGO ETARIO Y SEXO - 75 a 79 años - Hombres,RANGO ETARIO Y SEXO,75 a 79 años,Hombres,,,"['RANGO ETARIO Y SEXO', '75 a 79 años', 'Hombres']",12
P11,A,POBLACIÓN EN CONTROL DEL PROGRAMA DE VIH/SIDA (Uso exclusivo Centros de Atención VIH-SIDA),P11000150,Nº Total de personas con VIH/SIDA - Gestantes - Inicia TARV en este embarazo,COL39,AQ,43,RANGO ETARIO Y SEXO - 75 a 79 años - Mujeres,RANGO ETARIO Y SEXO,75 a 79 años,Mujeres,,,"['RANGO ETARIO Y SEXO', '75 a 79 años', 'Mujeres']",12
P11,A,POBLACIÓN EN CONTROL DEL PROGRAMA DE VIH/SIDA (Uso exclusivo Centros de Atención VIH-SIDA),P11000150,Nº Total de personas con VIH/SIDA - Gestantes - Inicia TARV en este embarazo,COL40,AR,44,RANGO ETARIO Y SEXO - 80 y más años - Hombres,RANGO ETARIO Y SEXO,80 y más años,Hombres,,,"['RANGO ETARIO Y SEXO', '80 y más años', 'Hombres']",12
P11,A,POBLACIÓN EN CONTROL DEL PROGRAMA DE VIH/SIDA (Uso exclusivo Centros de Atención VIH-SIDA),P11000150,Nº Total de personas con VIH/SIDA - Gestantes - Inicia TARV en este embarazo,COL41,AS,45,RANGO ETARIO Y SEXO - 80 y más años - Mujeres,RANGO ETARIO Y SEXO,80 y más años,Mujeres,,,"['RANGO ETARIO Y SEXO', '80 y más años', 'Mujeres']",12
P11,A,POBLACIÓN EN CONTROL DEL PROGRAMA DE VIH/SIDA (Uso exclusivo Centros de Atención VIH-SIDA),P11000150,Nº Total de personas con VIH/SIDA - Gestantes - Inicia TARV en este embarazo,COL42,AT,46,TRANS - Masculino,TRANS,Masculino,,,,"['TRANS', 'Masculino']",12
P11,A,POBLACIÓN EN CONTROL DEL PROGRAMA DE VIH/SIDA (Uso exclusivo Centros de Atención VIH-SIDA),P11000150,Nº Total de personas con VIH/SIDA - Gestantes - Inicia TARV en este embarazo,COL43,AU,47,TRANS - Femenino,TRANS,Femenino,,,,"['TRANS', 'Femenino']",12
P11,A,POBLACIÓN EN CONTROL DEL PROGRAMA DE VIH/SIDA (Uso exclusivo Centros de Atención VIH-SIDA),P11000150,Nº Total de personas con VIH/SIDA - Gestantes - Inicia TARV en este embarazo,COL44,AV,48,Pueblos Originarios,Pueblos Originarios,,,,,['Pueblos Originarios'],12
P11,A,POBLACIÓN EN CONTROL DEL PROGRAMA DE VIH/SIDA (Uso exclusivo Centros de Atención VIH-SIDA),P11000150,Nº Total de personas con VIH/SIDA - Gestantes - Inicia TARV en este embarazo,COL45,AW,49,Migrantes,Migrantes,,,,,['Migrantes'],12
P11,A,POBLACIÓN EN CONTROL DEL PROGRAMA DE VIH/SIDA (Uso exclusivo Centros de Atención VIH-SIDA),P11000150,Nº Total de personas con VIH/SIDA - Gestantes - Inicia TARV en este embarazo,COL46,AX,50,"Niños, Niñas, Adolescentes y Jóvenes SENAME","Niños, Niñas, Adolescentes y Jóvenes SENAME",,,,,"['Niños, Niñas, Adolescentes y Jóvenes SENAME']",12
P11,A,POBLACIÓN EN CONTROL DEL PROGRAMA DE VIH/SIDA (Uso exclusivo Centros de Atención VIH-SIDA),P11000150,Nº Total de personas con VIH/SIDA - Gestantes - Inicia TARV en este embarazo,COL47,AY,51,"Niños, Niñas, Adolescentes y Jóvenes Mejor Niñez","Niños, Niñas, Adolescentes y Jóvenes Mejor Niñez",,,,,"['Niños, Niñas, Adolescentes y Jóvenes Mejor Niñez']",12
P11,A,POBLACIÓN EN CONTROL DEL PROGRAMA DE VIH/SIDA (Uso exclusivo Centros de Atención VIH-SIDA),P11000160,Nº Total de personas con VIH/SIDA - Gestantes - En TARV previa,COL01,E,5,TOTAL - Ambos sexos,TOTAL,Ambos sexos,,,,"['TOTAL', 'Ambos sexos']",13
P11,A,POBLACIÓN EN CONTROL DEL PROGRAMA DE VIH/SIDA (Uso exclusivo Centros de Atención VIH-SIDA),P11000160,Nº Total de personas con VIH/SIDA - Gestantes - En TARV previa,COL02,F,6,TOTAL - Hombres,TOTAL,Hombres,,,,"['TOTAL', 'Hombres']",13
P11,A,POBLACIÓN EN CONTROL DEL PROGRAMA DE VIH/SIDA (Uso exclusivo Centros de Atención VIH-SIDA),P11000160,Nº Total de personas con VIH/SIDA - Gestantes - En TARV previa,COL03,G,7,TOTAL - Mujeres,TOTAL,Mujeres,,,,"['TOTAL', 'Mujeres']",13
P11,A,POBLACIÓN EN CONTROL DEL PROGRAMA DE VIH/SIDA (Uso exclusivo Centros de Atención VIH-SIDA),P11000160,Nº Total de personas con VIH/SIDA - Gestantes - En TARV previa,COL04,H,8,RANGO ETARIO Y SEXO - Menor 1 Año - Hombres,RANGO ETARIO Y SEXO,Menor 1 Año,Hombres,,,"['RANGO ETARIO Y SEXO', 'Menor 1 Año', 'Hombres']",13
P11,A,POBLACIÓN EN CONTROL DEL PROGRAMA DE VIH/SIDA (Uso exclusivo Centros de Atención VIH-SIDA),P11000160,Nº Total de personas con VIH/SIDA - Gestantes - En TARV previa,COL05,I,9,RANGO ETARIO Y SEXO - Menor 1 Año - Mujeres,RANGO ETARIO Y SEXO,Menor 1 Año,Mujeres,,,"['RANGO ETARIO Y SEXO', 'Menor 1 Año', 'Mujeres']",13
P11,A,POBLACIÓN EN CONTROL DEL PROGRAMA DE VIH/SIDA (Uso exclusivo Centros de Atención VIH-SIDA),P11000160,Nº Total de personas con VIH/SIDA - Gestantes - En TARV previa,COL06,J,10,RANGO ETARIO Y SEXO - 1 año - Hombres,RANGO ETARIO Y SEXO,1 año,Hombres,,,"['RANGO ETARIO Y SEXO', '1 año', 'Hombres']",13
P11,A,POBLACIÓN EN CONTROL DEL PROGRAMA DE VIH/SIDA (Uso exclusivo Centros de Atención VIH-SIDA),P11000160,Nº Total de personas con VIH/SIDA - Gestantes - En TARV previa,COL07,K,11,RANGO ETARIO Y SEXO - 1 año - Mujeres,RANGO ETARIO Y SEXO,1 año,Mujeres,,,"['RANGO ETARIO Y SEXO', '1 año', 'Mujeres']",13
P11,A,POBLACIÓN EN CONTROL DEL PROGRAMA DE VIH/SIDA (Uso exclusivo Centros de Atención VIH-SIDA),P11000160,Nº Total de personas con VIH/SIDA - Gestantes - En TARV previa,COL08,L,12,RANGO ETARIO Y SEXO - 2 a 4 años - Hombres,RANGO ETARIO Y SEXO,2 a 4 años,Hombres,,,"['RANGO ETARIO Y SEXO', '2 a 4 años', 'Hombres']",13
P11,A,POBLACIÓN EN CONTROL DEL PROGRAMA DE VIH/SIDA (Uso exclusivo Centros de Atención VIH-SIDA),P11000160,Nº Total de personas con VIH/SIDA - Gestantes - En TARV previa,COL09,M,13,RANGO ETARIO Y SEXO - 2 a 4 años - Mujeres,RANGO ETARIO Y SEXO,2 a 4 años,Mujeres,,,"['RANGO ETARIO Y SEXO', '2 a 4 años', 'Mujeres']",13
P11,A,POBLACIÓN EN CONTROL DEL PROGRAMA DE VIH/SIDA (Uso exclusivo Centros de Atención VIH-SIDA),P11000160,Nº Total de personas con VIH/SIDA - Gestantes - En TARV previa,COL10,N,14,RANGO ETARIO Y SEXO - 5 a 9 años - Hombres,RANGO ETARIO Y SEXO,5 a 9 años,Hombres,,,"['RANGO ETARIO Y SEXO', '5 a 9 años', 'Hombres']",13
P11,A,POBLACIÓN EN CONTROL DEL PROGRAMA DE VIH/SIDA (Uso exclusivo Centros de Atención VIH-SIDA),P11000160,Nº Total de personas con VIH/SIDA - Gestantes - En TARV previa,COL11,O,15,RANGO ETARIO Y SEXO - 5 a 9 años - Mujeres,RANGO ETARIO Y SEXO,5 a 9 años,Mujeres,,,"['RANGO ETARIO Y SEXO', '5 a 9 años', 'Mujeres']",13
P11,A,POBLACIÓN EN CONTROL DEL PROGRAMA DE VIH/SIDA (Uso exclusivo Centros de Atención VIH-SIDA),P11000160,Nº Total de personas con VIH/SIDA - Gestantes - En TARV previa,COL12,P,16,RANGO ETARIO Y SEXO - 10 a 14 años - Hombres,RANGO ETARIO Y SEXO,10 a 14 años,Hombres,,,"['RANGO ETARIO Y SEXO', '10 a 14 años', 'Hombres']",13
P11,A,POBLACIÓN EN CONTROL DEL PROGRAMA DE VIH/SIDA (Uso exclusivo Centros de Atención VIH-SIDA),P11000160,Nº Total de personas con VIH/SIDA - Gestantes - En TARV previa,COL13,Q,17,RANGO ETARIO Y SEXO - 10 a 14 años - Mujeres,RANGO ETARIO Y SEXO,10 a 14 años,Mujeres,,,"['RANGO ETARIO Y SEXO', '10 a 14 años', 'Mujeres']",13
P11,A,POBLACIÓN EN CONTROL DEL PROGRAMA DE VIH/SIDA (Uso exclusivo Centros de Atención VIH-SIDA),P11000160,Nº Total de personas con VIH/SIDA - Gestantes - En TARV previa,COL14,R,18,RANGO ETARIO Y SEXO - 15 a 19 años - Hombres,RANGO ETARIO Y SEXO,15 a 19 años,Hombres,,,"['RANGO ETARIO Y SEXO', '15 a 19 años', 'Hombres']",13
P11,A,POBLACIÓN EN CONTROL DEL PROGRAMA DE VIH/SIDA (Uso exclusivo Centros de Atención VIH-SIDA),P11000160,Nº Total de personas con VIH/SIDA - Gestantes - En TARV previa,COL15,S,19,RANGO ETARIO Y SEXO - 15 a 19 años - Mujeres,RANGO ETARIO Y SEXO,15 a 19 años,Mujeres,,,"['RANGO ETARIO Y SEXO', '15 a 19 años', 'Mujeres']",13
P11,A,POBLACIÓN EN CONTROL DEL PROGRAMA DE VIH/SIDA (Uso exclusivo Centros de Atención VIH-SIDA),P11000160,Nº Total de personas con VIH/SIDA - Gestantes - En TARV previa,COL16,T,20,RANGO ETARIO Y SEXO - 20 a 24 años - Hombres,RANGO ETARIO Y SEXO,20 a 24 años,Hombres,,,"['RANGO ETARIO Y SEXO', '20 a 24 años', 'Hombres']",13
P11,A,POBLACIÓN EN CONTROL DEL PROGRAMA DE VIH/SIDA (Uso exclusivo Centros de Atención VIH-SIDA),P11000160,Nº Total de personas con VIH/SIDA - Gestantes - En TARV previa,COL17,U,21,RANGO ETARIO Y SEXO - 20 a 24 años - Mujeres,RANGO ETARIO Y SEXO,20 a 24 años,Mujeres,,,"['RANGO ETARIO Y SEXO', '20 a 24 años', 'Mujeres']",13
P11,A,POBLACIÓN EN CONTROL DEL PROGRAMA DE VIH/SIDA (Uso exclusivo Centros de Atención VIH-SIDA),P11000160,Nº Total de personas con VIH/SIDA - Gestantes - En TARV previa,COL18,V,22,RANGO ETARIO Y SEXO - 25 a 29 años - Hombres,RANGO ETARIO Y SEXO,25 a 29 años,Hombres,,,"['RANGO ETARIO Y SEXO', '25 a 29 años', 'Hombres']",13
P11,A,POBLACIÓN EN CONTROL DEL PROGRAMA DE VIH/SIDA (Uso exclusivo Centros de Atención VIH-SIDA),P11000160,Nº Total de personas con VIH/SIDA - Gestantes - En TARV previa,COL19,W,23,RANGO ETARIO Y SEXO - 25 a 29 años - Mujeres,RANGO ETARIO Y SEXO,25 a 29 años,Mujeres,,,"['RANGO ETARIO Y SEXO', '25 a 29 años', 'Mujeres']",13
P11,A,POBLACIÓN EN CONTROL DEL PROGRAMA DE VIH/SIDA (Uso exclusivo Centros de Atención VIH-SIDA),P11000160,Nº Total de personas con VIH/SIDA - Gestantes - En TARV previa,COL20,X,24,RANGO ETARIO Y SEXO - 30 a 34 años - Hombres,RANGO ETARIO Y SEXO,30 a 34 años,Hombres,,,"['RANGO ETARIO Y SEXO', '30 a 34 años', 'Hombres']",13
P11,A,POBLACIÓN EN CONTROL DEL PROGRAMA DE VIH/SIDA (Uso exclusivo Centros de Atención VIH-SIDA),P11000160,Nº Total de personas con VIH/SIDA - Gestantes - En TARV previa,COL21,Y,25,RANGO ETARIO Y SEXO - 30 a 34 años - Mujeres,RANGO ETARIO Y SEXO,30 a 34 años,Mujeres,,,"['RANGO ETARIO Y SEXO', '30 a 34 años', 'Mujeres']",13
P11,A,POBLACIÓN EN CONTROL DEL PROGRAMA DE VIH/SIDA (Uso exclusivo Centros de Atención VIH-SIDA),P11000160,Nº Total de personas con VIH/SIDA - Gestantes - En TARV previa,COL22,Z,26,RANGO ETARIO Y SEXO - 35 a 39 años - Hombres,RANGO ETARIO Y SEXO,35 a 39 años,Hombres,,,"['RANGO ETARIO Y SEXO', '35 a 39 años', 'Hombres']",13
P11,A,POBLACIÓN EN CONTROL DEL PROGRAMA DE VIH/SIDA (Uso exclusivo Centros de Atención VIH-SIDA),P11000160,Nº Total de personas con VIH/SIDA - Gestantes - En TARV previa,COL23,AA,27,RANGO ETARIO Y SEXO - 35 a 39 años - Mujeres,RANGO ETARIO Y SEXO,35 a 39 años,Mujeres,,,"['RANGO ETARIO Y SEXO', '35 a 39 años', 'Mujeres']",13
P11,A,POBLACIÓN EN CONTROL DEL PROGRAMA DE VIH/SIDA (Uso exclusivo Centros de Atención VIH-SIDA),P11000160,Nº Total de personas con VIH/SIDA - Gestantes - En TARV previa,COL24,AB,28,RANGO ETARIO Y SEXO - 40 a 44 años - Hombres,RANGO ETARIO Y SEXO,40 a 44 años,Hombres,,,"['RANGO ETARIO Y SEXO', '40 a 44 años', 'Hombres']",13
P11,A,POBLACIÓN EN CONTROL DEL PROGRAMA DE VIH/SIDA (Uso exclusivo Centros de Atención VIH-SIDA),P11000160,Nº Total de personas con VIH/SIDA - Gestantes - En TARV previa,COL25,AC,29,RANGO ETARIO Y SEXO - 40 a 44 años - Mujeres,RANGO ETARIO Y SEXO,40 a 44 años,Mujeres,,,"['RANGO ETARIO Y SEXO', '40 a 44 años', 'Mujeres']",13
P11,A,POBLACIÓN EN CONTROL DEL PROGRAMA DE VIH/SIDA (Uso exclusivo Centros de Atención VIH-SIDA),P11000160,Nº Total de personas con VIH/SIDA - Gestantes - En TARV previa,COL26,AD,30,RANGO ETARIO Y SEXO - 45 a 49 años - Hombres,RANGO ETARIO Y SEXO,45 a 49 años,Hombres,,,"['RANGO ETARIO Y SEXO', '45 a 49 años', 'Hombres']",13
P11,A,POBLACIÓN EN CONTROL DEL PROGRAMA DE VIH/SIDA (Uso exclusivo Centros de Atención VIH-SIDA),P11000160,Nº Total de personas con VIH/SIDA - Gestantes - En TARV previa,COL27,AE,31,RANGO ETARIO Y SEXO - 45 a 49 años - Mujeres,RANGO ETARIO Y SEXO,45 a 49 años,Mujeres,,,"['RANGO ETARIO Y SEXO', '45 a 49 años', 'Mujeres']",13
P11,A,POBLACIÓN EN CONTROL DEL PROGRAMA DE VIH/SIDA (Uso exclusivo Centros de Atención VIH-SIDA),P11000160,Nº Total de personas con VIH/SIDA - Gestantes - En TARV previa,COL28,AF,32,RANGO ETARIO Y SEXO - 50 a 54 años - Hombres,RANGO ETARIO Y SEXO,50 a 54 años,Hombres,,,"['RANGO ETARIO Y SEXO', '50 a 54 años', 'Hombres']",13
P11,A,POBLACIÓN EN CONTROL DEL PROGRAMA DE VIH/SIDA (Uso exclusivo Centros de Atención VIH-SIDA),P11000160,Nº Total de personas con VIH/SIDA - Gestantes - En TARV previa,COL29,AG,33,RANGO ETARIO Y SEXO - 50 a 54 años - Mujeres,RANGO ETARIO Y SEXO,50 a 54 años,Mujeres,,,"['RANGO ETARIO Y SEXO', '50 a 54 años', 'Mujeres']",13
P11,A,POBLACIÓN EN CONTROL DEL PROGRAMA DE VIH/SIDA (Uso exclusivo Centros de Atención VIH-SIDA),P11000160,Nº Total de personas con VIH/SIDA - Gestantes - En TARV previa,COL30,AH,34,RANGO ETARIO Y SEXO - 55 a 59 años - Hombres,RANGO ETARIO Y SEXO,55 a 59 años,Hombres,,,"['RANGO ETARIO Y SEXO', '55 a 59 años', 'Hombres']",13
P11,A,POBLACIÓN EN CONTROL DEL PROGRAMA DE VIH/SIDA (Uso exclusivo Centros de Atención VIH-SIDA),P11000160,Nº Total de personas con VIH/SIDA - Gestantes - En TARV previa,COL31,AI,35,RANGO ETARIO Y SEXO - 55 a 59 años - Mujeres,RANGO ETARIO Y SEXO,55 a 59 años,Mujeres,,,"['RANGO ETARIO Y SEXO', '55 a 59 años', 'Mujeres']",13
P11,A,POBLACIÓN EN CONTROL DEL PROGRAMA DE VIH/SIDA (Uso exclusivo Centros de Atención VIH-SIDA),P11000160,Nº Total de personas con VIH/SIDA - Gestantes - En TARV previa,COL32,AJ,36,RANGO ETARIO Y SEXO - 60 a 64 años - Hombres,RANGO ETARIO Y SEXO,60 a 64 años,Hombres,,,"['RANGO ETARIO Y SEXO', '60 a 64 años', 'Hombres']",13
P11,A,POBLACIÓN EN CONTROL DEL PROGRAMA DE VIH/SIDA (Uso exclusivo Centros de Atención VIH-SIDA),P11000160,Nº Total de personas con VIH/SIDA - Gestantes - En TARV previa,COL33,AK,37,RANGO ETARIO Y SEXO - 60 a 64 años - Mujeres,RANGO ETARIO Y SEXO,60 a 64 años,Mujeres,,,"['RANGO ETARIO Y SEXO', '60 a 64 años', 'Mujeres']",13
P11,A,POBLACIÓN EN CONTROL DEL PROGRAMA DE VIH/SIDA (Uso exclusivo Centros de Atención VIH-SIDA),P11000160,Nº Total de personas con VIH/SIDA - Gestantes - En TARV previa,COL34,AL,38,RANGO ETARIO Y SEXO - 65 a 69 años - Hombres,RANGO ETARIO Y SEXO,65 a 69 años,Hombres,,,"['RANGO ETARIO Y SEXO', '65 a 69 años', 'Hombres']",13
P11,A,POBLACIÓN EN CONTROL DEL PROGRAMA DE VIH/SIDA (Uso exclusivo Centros de Atención VIH-SIDA),P11000160,Nº Total de personas con VIH/SIDA - Gestantes - En TARV previa,COL35,AM,39,RANGO ETARIO Y SEXO - 65 a 69 años - Mujeres,RANGO ETARIO Y SEXO,65 a 69 años,Mujeres,,,"['RANGO ETARIO Y SEXO', '65 a 69 años', 'Mujeres']",13
P11,A,POBLACIÓN EN CONTROL DEL PROGRAMA DE VIH/SIDA (Uso exclusivo Centros de Atención VIH-SIDA),P11000160,Nº Total de personas con VIH/SIDA - Gestantes - En TARV previa,COL36,AN,40,RANGO ETARIO Y SEXO - 70 a 74 años - Hombres,RANGO ETARIO Y SEXO,70 a 74 años,Hombres,,,"['RANGO ETARIO Y SEXO', '70 a 74 años', 'Hombres']",13
P11,A,POBLACIÓN EN CONTROL DEL PROGRAMA DE VIH/SIDA (Uso exclusivo Centros de Atención VIH-SIDA),P11000160,Nº Total de personas con VIH/SIDA - Gestantes - En TARV previa,COL37,AO,41,RANGO ETARIO Y SEXO - 70 a 74 años - Mujeres,RANGO ETARIO Y SEXO,70 a 74 años,Mujeres,,,"['RANGO ETARIO Y SEXO', '70 a 74 años', 'Mujeres']",13
P11,A,POBLACIÓN EN CONTROL DEL PROGRAMA DE VIH/SIDA (Uso exclusivo Centros de Atención VIH-SIDA),P11000160,Nº Total de personas con VIH/SIDA - Gestantes - En TARV previa,COL38,AP,42,RANGO ETARIO Y SEXO - 75 a 79 años - Hombres,RANGO ETARIO Y SEXO,75 a 79 años,Hombres,,,"['RANGO ETARIO Y SEXO', '75 a 79 años', 'Hombres']",13
P11,A,POBLACIÓN EN CONTROL DEL PROGRAMA DE VIH/SIDA (Uso exclusivo Centros de Atención VIH-SIDA),P11000160,Nº Total de personas con VIH/SIDA - Gestantes - En TARV previa,COL39,AQ,43,RANGO ETARIO Y SEXO - 75 a 79 años - Mujeres,RANGO ETARIO Y SEXO,75 a 79 años,Mujeres,,,"['RANGO ETARIO Y SEXO', '75 a 79 años', 'Mujeres']",13
P11,A,POBLACIÓN EN CONTROL DEL PROGRAMA DE VIH/SIDA (Uso exclusivo Centros de Atención VIH-SIDA),P11000160,Nº Total de personas con VIH/SIDA - Gestantes - En TARV previa,COL40,AR,44,RANGO ETARIO Y SEXO - 80 y más años - Hombres,RANGO ETARIO Y SEXO,80 y más años,Hombres,,,"['RANGO ETARIO Y SEXO', '80 y más años', 'Hombres']",13
P11,A,POBLACIÓN EN CONTROL DEL PROGRAMA DE VIH/SIDA (Uso exclusivo Centros de Atención VIH-SIDA),P11000160,Nº Total de personas con VIH/SIDA - Gestantes - En TARV previa,COL41,AS,45,RANGO ETARIO Y SEXO - 80 y más años - Mujeres,RANGO ETARIO Y SEXO,80 y más años,Mujeres,,,"['RANGO ETARIO Y SEXO', '80 y más años', 'Mujeres']",13
P11,A,POBLACIÓN EN CONTROL DEL PROGRAMA DE VIH/SIDA (Uso exclusivo Centros de Atención VIH-SIDA),P11000160,Nº Total de personas con VIH/SIDA - Gestantes - En TARV previa,COL42,AT,46,TRANS - Masculino,TRANS,Masculino,,,,"['TRANS', 'Masculino']",13
P11,A,POBLACIÓN EN CONTROL DEL PROGRAMA DE VIH/SIDA (Uso exclusivo Centros de Atención VIH-SIDA),P11000160,Nº Total de personas con VIH/SIDA - Gestantes - En TARV previa,COL43,AU,47,TRANS - Femenino,TRANS,Femenino,,,,"['TRANS', 'Femenino']",13
P11,A,POBLACIÓN EN CONTROL DEL PROGRAMA DE VIH/SIDA (Uso exclusivo Centros de Atención VIH-SIDA),P11000160,Nº Total de personas con VIH/SIDA - Gestantes - En TARV previa,COL44,AV,48,Pueblos Originarios,Pueblos Originarios,,,,,['Pueblos Originarios'],13
P11,A,POBLACIÓN EN CONTROL DEL PROGRAMA DE VIH/SIDA (Uso exclusivo Centros de Atención VIH-SIDA),P11000160,Nº Total de personas con VIH/SIDA - Gestantes - En TARV previa,COL45,AW,49,Migrantes,Migrantes,,,,,['Migrantes'],13
P11,A,POBLACIÓN EN CONTROL DEL PROGRAMA DE VIH/SIDA (Uso exclusivo Centros de Atención VIH-SIDA),P11000160,Nº Total de personas con VIH/SIDA - Gestantes - En TARV previa,COL46,AX,50,"Niños, Niñas, Adolescentes y Jóvenes SENAME","Niños, Niñas, Adolescentes y Jóvenes SENAME",,,,,"['Niños, Niñas, Adolescentes y Jóvenes SENAME']",13
P11,A,POBLACIÓN EN CONTROL DEL PROGRAMA DE VIH/SIDA (Uso exclusivo Centros de Atención VIH-SIDA),P11000160,Nº Total de personas con VIH/SIDA - Gestantes - En TARV previa,COL47,AY,51,"Niños, Niñas, Adolescentes y Jóvenes Mejor Niñez","Niños, Niñas, Adolescentes y Jóvenes Mejor Niñez",,,,,"['Niños, Niñas, Adolescentes y Jóvenes Mejor Niñez']",13
P11,A,POBLACIÓN EN CONTROL DEL PROGRAMA DE VIH/SIDA (Uso exclusivo Centros de Atención VIH-SIDA),P11000170,Nº Total de personas con VIH/SIDA - No Gestantes - Con TARV,COL01,E,5,TOTAL - Ambos sexos,TOTAL,Ambos sexos,,,,"['TOTAL', 'Ambos sexos']",14
P11,A,POBLACIÓN EN CONTROL DEL PROGRAMA DE VIH/SIDA (Uso exclusivo Centros de Atención VIH-SIDA),P11000170,Nº Total de personas con VIH/SIDA - No Gestantes - Con TARV,COL02,F,6,TOTAL - Hombres,TOTAL,Hombres,,,,"['TOTAL', 'Hombres']",14
P11,A,POBLACIÓN EN CONTROL DEL PROGRAMA DE VIH/SIDA (Uso exclusivo Centros de Atención VIH-SIDA),P11000170,Nº Total de personas con VIH/SIDA - No Gestantes - Con TARV,COL03,G,7,TOTAL - Mujeres,TOTAL,Mujeres,,,,"['TOTAL', 'Mujeres']",14
P11,A,POBLACIÓN EN CONTROL DEL PROGRAMA DE VIH/SIDA (Uso exclusivo Centros de Atención VIH-SIDA),P11000170,Nº Total de personas con VIH/SIDA - No Gestantes - Con TARV,COL04,H,8,RANGO ETARIO Y SEXO - Menor 1 Año - Hombres,RANGO ETARIO Y SEXO,Menor 1 Año,Hombres,,,"['RANGO ETARIO Y SEXO', 'Menor 1 Año', 'Hombres']",14
P11,A,POBLACIÓN EN CONTROL DEL PROGRAMA DE VIH/SIDA (Uso exclusivo Centros de Atención VIH-SIDA),P11000170,Nº Total de personas con VIH/SIDA - No Gestantes - Con TARV,COL05,I,9,RANGO ETARIO Y SEXO - Menor 1 Año - Mujeres,RANGO ETARIO Y SEXO,Menor 1 Año,Mujeres,,,"['RANGO ETARIO Y SEXO', 'Menor 1 Año', 'Mujeres']",14
P11,A,POBLACIÓN EN CONTROL DEL PROGRAMA DE VIH/SIDA (Uso exclusivo Centros de Atención VIH-SIDA),P11000170,Nº Total de personas con VIH/SIDA - No Gestantes - Con TARV,COL06,J,10,RANGO ETARIO Y SEXO - 1 año - Hombres,RANGO ETARIO Y SEXO,1 año,Hombres,,,"['RANGO ETARIO Y SEXO', '1 año', 'Hombres']",14
P11,A,POBLACIÓN EN CONTROL DEL PROGRAMA DE VIH/SIDA (Uso exclusivo Centros de Atención VIH-SIDA),P11000170,Nº Total de personas con VIH/SIDA - No Gestantes - Con TARV,COL07,K,11,RANGO ETARIO Y SEXO - 1 año - Mujeres,RANGO ETARIO Y SEXO,1 año,Mujeres,,,"['RANGO ETARIO Y SEXO', '1 año', 'Mujeres']",14
P11,A,POBLACIÓN EN CONTROL DEL PROGRAMA DE VIH/SIDA (Uso exclusivo Centros de Atención VIH-SIDA),P11000170,Nº Total de personas con VIH/SIDA - No Gestantes - Con TARV,COL08,L,12,RANGO ETARIO Y SEXO - 2 a 4 años - Hombres,RANGO ETARIO Y SEXO,2 a 4 años,Hombres,,,"['RANGO ETARIO Y SEXO', '2 a 4 años', 'Hombres']",14
P11,A,POBLACIÓN EN CONTROL DEL PROGRAMA DE VIH/SIDA (Uso exclusivo Centros de Atención VIH-SIDA),P11000170,Nº Total de personas con VIH/SIDA - No Gestantes - Con TARV,COL09,M,13,RANGO ETARIO Y SEXO - 2 a 4 años - Mujeres,RANGO ETARIO Y SEXO,2 a 4 años,Mujeres,,,"['RANGO ETARIO Y SEXO', '2 a 4 años', 'Mujeres']",14
P11,A,POBLACIÓN EN CONTROL DEL PROGRAMA DE VIH/SIDA (Uso exclusivo Centros de Atención VIH-SIDA),P11000170,Nº Total de personas con VIH/SIDA - No Gestantes - Con TARV,COL10,N,14,RANGO ETARIO Y SEXO - 5 a 9 años - Hombres,RANGO ETARIO Y SEXO,5 a 9 años,Hombres,,,"['RANGO ETARIO Y SEXO', '5 a 9 años', 'Hombres']",14
P11,A,POBLACIÓN EN CONTROL DEL PROGRAMA DE VIH/SIDA (Uso exclusivo Centros de Atención VIH-SIDA),P11000170,Nº Total de personas con VIH/SIDA - No Gestantes - Con TARV,COL11,O,15,RANGO ETARIO Y SEXO - 5 a 9 años - Mujeres,RANGO ETARIO Y SEXO,5 a 9 años,Mujeres,,,"['RANGO ETARIO Y SEXO', '5 a 9 años', 'Mujeres']",14
P11,A,POBLACIÓN EN CONTROL DEL PROGRAMA DE VIH/SIDA (Uso exclusivo Centros de Atención VIH-SIDA),P11000170,Nº Total de personas con VIH/SIDA - No Gestantes - Con TARV,COL12,P,16,RANGO ETARIO Y SEXO - 10 a 14 años - Hombres,RANGO ETARIO Y SEXO,10 a 14 años,Hombres,,,"['RANGO ETARIO Y SEXO', '10 a 14 años', 'Hombres']",14
P11,A,POBLACIÓN EN CONTROL DEL PROGRAMA DE VIH/SIDA (Uso exclusivo Centros de Atención VIH-SIDA),P11000170,Nº Total de personas con VIH/SIDA - No Gestantes - Con TARV,COL13,Q,17,RANGO ETARIO Y SEXO - 10 a 14 años - Mujeres,RANGO ETARIO Y SEXO,10 a 14 años,Mujeres,,,"['RANGO ETARIO Y SEXO', '10 a 14 años', 'Mujeres']",14
P11,A,POBLACIÓN EN CONTROL DEL PROGRAMA DE VIH/SIDA (Uso exclusivo Centros de Atención VIH-SIDA),P11000170,Nº Total de personas con VIH/SIDA - No Gestantes - Con TARV,COL14,R,18,RANGO ETARIO Y SEXO - 15 a 19 años - Hombres,RANGO ETARIO Y SEXO,15 a 19 años,Hombres,,,"['RANGO ETARIO Y SEXO', '15 a 19 años', 'Hombres']",14
P11,A,POBLACIÓN EN CONTROL DEL PROGRAMA DE VIH/SIDA (Uso exclusivo Centros de Atención VIH-SIDA),P11000170,Nº Total de personas con VIH/SIDA - No Gestantes - Con TARV,COL15,S,19,RANGO ETARIO Y SEXO - 15 a 19 años - Mujeres,RANGO ETARIO Y SEXO,15 a 19 años,Mujeres,,,"['RANGO ETARIO Y SEXO', '15 a 19 años', 'Mujeres']",14
P11,A,POBLACIÓN EN CONTROL DEL PROGRAMA DE VIH/SIDA (Uso exclusivo Centros de Atención VIH-SIDA),P11000170,Nº Total de personas con VIH/SIDA - No Gestantes - Con TARV,COL16,T,20,RANGO ETARIO Y SEXO - 20 a 24 años - Hombres,RANGO ETARIO Y SEXO,20 a 24 años,Hombres,,,"['RANGO ETARIO Y SEXO', '20 a 24 años', 'Hombres']",14
P11,A,POBLACIÓN EN CONTROL DEL PROGRAMA DE VIH/SIDA (Uso exclusivo Centros de Atención VIH-SIDA),P11000170,Nº Total de personas con VIH/SIDA - No Gestantes - Con TARV,COL17,U,21,RANGO ETARIO Y SEXO - 20 a 24 años - Mujeres,RANGO ETARIO Y SEXO,20 a 24 años,Mujeres,,,"['RANGO ETARIO Y SEXO', '20 a 24 años', 'Mujeres']",14
P11,A,POBLACIÓN EN CONTROL DEL PROGRAMA DE VIH/SIDA (Uso exclusivo Centros de Atención VIH-SIDA),P11000170,Nº Total de personas con VIH/SIDA - No Gestantes - Con TARV,COL18,V,22,RANGO ETARIO Y SEXO - 25 a 29 años - Hombres,RANGO ETARIO Y SEXO,25 a 29 años,Hombres,,,"['RANGO ETARIO Y SEXO', '25 a 29 años', 'Hombres']",14
P11,A,POBLACIÓN EN CONTROL DEL PROGRAMA DE VIH/SIDA (Uso exclusivo Centros de Atención VIH-SIDA),P11000170,Nº Total de personas con VIH/SIDA - No Gestantes - Con TARV,COL19,W,23,RANGO ETARIO Y SEXO - 25 a 29 años - Mujeres,RANGO ETARIO Y SEXO,25 a 29 años,Mujeres,,,"['RANGO ETARIO Y SEXO', '25 a 29 años', 'Mujeres']",14
P11,A,POBLACIÓN EN CONTROL DEL PROGRAMA DE VIH/SIDA (Uso exclusivo Centros de Atención VIH-SIDA),P11000170,Nº Total de personas con VIH/SIDA - No Gestantes - Con TARV,COL20,X,24,RANGO ETARIO Y SEXO - 30 a 34 años - Hombres,RANGO ETARIO Y SEXO,30 a 34 años,Hombres,,,"['RANGO ETARIO Y SEXO', '30 a 34 años', 'Hombres']",14
P11,A,POBLACIÓN EN CONTROL DEL PROGRAMA DE VIH/SIDA (Uso exclusivo Centros de Atención VIH-SIDA),P11000170,Nº Total de personas con VIH/SIDA - No Gestantes - Con TARV,COL21,Y,25,RANGO ETARIO Y SEXO - 30 a 34 años - Mujeres,RANGO ETARIO Y SEXO,30 a 34 años,Mujeres,,,"['RANGO ETARIO Y SEXO', '30 a 34 años', 'Mujeres']",14
P11,A,POBLACIÓN EN CONTROL DEL PROGRAMA DE VIH/SIDA (Uso exclusivo Centros de Atención VIH-SIDA),P11000170,Nº Total de personas con VIH/SIDA - No Gestantes - Con TARV,COL22,Z,26,RANGO ETARIO Y SEXO - 35 a 39 años - Hombres,RANGO ETARIO Y SEXO,35 a 39 años,Hombres,,,"['RANGO ETARIO Y SEXO', '35 a 39 años', 'Hombres']",14
P11,A,POBLACIÓN EN CONTROL DEL PROGRAMA DE VIH/SIDA (Uso exclusivo Centros de Atención VIH-SIDA),P11000170,Nº Total de personas con VIH/SIDA - No Gestantes - Con TARV,COL23,AA,27,RANGO ETARIO Y SEXO - 35 a 39 años - Mujeres,RANGO ETARIO Y SEXO,35 a 39 años,Mujeres,,,"['RANGO ETARIO Y SEXO', '35 a 39 años', 'Mujeres']",14
P11,A,POBLACIÓN EN CONTROL DEL PROGRAMA DE VIH/SIDA (Uso exclusivo Centros de Atención VIH-SIDA),P11000170,Nº Total de personas con VIH/SIDA - No Gestantes - Con TARV,COL24,AB,28,RANGO ETARIO Y SEXO - 40 a 44 años - Hombres,RANGO ETARIO Y SEXO,40 a 44 años,Hombres,,,"['RANGO ETARIO Y SEXO', '40 a 44 años', 'Hombres']",14
P11,A,POBLACIÓN EN CONTROL DEL PROGRAMA DE VIH/SIDA (Uso exclusivo Centros de Atención VIH-SIDA),P11000170,Nº Total de personas con VIH/SIDA - No Gestantes - Con TARV,COL25,AC,29,RANGO ETARIO Y SEXO - 40 a 44 años - Mujeres,RANGO ETARIO Y SEXO,40 a 44 años,Mujeres,,,"['RANGO ETARIO Y SEXO', '40 a 44 años', 'Mujeres']",14
P11,A,POBLACIÓN EN CONTROL DEL PROGRAMA DE VIH/SIDA (Uso exclusivo Centros de Atención VIH-SIDA),P11000170,Nº Total de personas con VIH/SIDA - No Gestantes - Con TARV,COL26,AD,30,RANGO ETARIO Y SEXO - 45 a 49 años - Hombres,RANGO ETARIO Y SEXO,45 a 49 años,Hombres,,,"['RANGO ETARIO Y SEXO', '45 a 49 años', 'Hombres']",14
P11,A,POBLACIÓN EN CONTROL DEL PROGRAMA DE VIH/SIDA (Uso exclusivo Centros de Atención VIH-SIDA),P11000170,Nº Total de personas con VIH/SIDA - No Gestantes - Con TARV,COL27,AE,31,RANGO ETARIO Y SEXO - 45 a 49 años - Mujeres,RANGO ETARIO Y SEXO,45 a 49 años,Mujeres,,,"['RANGO ETARIO Y SEXO', '45 a 49 años', 'Mujeres']",14
P11,A,POBLACIÓN EN CONTROL DEL PROGRAMA DE VIH/SIDA (Uso exclusivo Centros de Atención VIH-SIDA),P11000170,Nº Total de personas con VIH/SIDA - No Gestantes - Con TARV,COL28,AF,32,RANGO ETARIO Y SEXO - 50 a 54 años - Hombres,RANGO ETARIO Y SEXO,50 a 54 años,Hombres,,,"['RANGO ETARIO Y SEXO', '50 a 54 años', 'Hombres']",14
P11,A,POBLACIÓN EN CONTROL DEL PROGRAMA DE VIH/SIDA (Uso exclusivo Centros de Atención VIH-SIDA),P11000170,Nº Total de personas con VIH/SIDA - No Gestantes - Con TARV,COL29,AG,33,RANGO ETARIO Y SEXO - 50 a 54 años - Mujeres,RANGO ETARIO Y SEXO,50 a 54 años,Mujeres,,,"['RANGO ETARIO Y SEXO', '50 a 54 años', 'Mujeres']",14
P11,A,POBLACIÓN EN CONTROL DEL PROGRAMA DE VIH/SIDA (Uso exclusivo Centros de Atención VIH-SIDA),P11000170,Nº Total de personas con VIH/SIDA - No Gestantes - Con TARV,COL30,AH,34,RANGO ETARIO Y SEXO - 55 a 59 años - Hombres,RANGO ETARIO Y SEXO,55 a 59 años,Hombres,,,"['RANGO ETARIO Y SEXO', '55 a 59 años', 'Hombres']",14
P11,A,POBLACIÓN EN CONTROL DEL PROGRAMA DE VIH/SIDA (Uso exclusivo Centros de Atención VIH-SIDA),P11000170,Nº Total de personas con VIH/SIDA - No Gestantes - Con TARV,COL31,AI,35,RANGO ETARIO Y SEXO - 55 a 59 años - Mujeres,RANGO ETARIO Y SEXO,55 a 59 años,Mujeres,,,"['RANGO ETARIO Y SEXO', '55 a 59 años', 'Mujeres']",14
P11,A,POBLACIÓN EN CONTROL DEL PROGRAMA DE VIH/SIDA (Uso exclusivo Centros de Atención VIH-SIDA),P11000170,Nº Total de personas con VIH/SIDA - No Gestantes - Con TARV,COL32,AJ,36,RANGO ETARIO Y SEXO - 60 a 64 años - Hombres,RANGO ETARIO Y SEXO,60 a 64 años,Hombres,,,"['RANGO ETARIO Y SEXO', '60 a 64 años', 'Hombres']",14
P11,A,POBLACIÓN EN CONTROL DEL PROGRAMA DE VIH/SIDA (Uso exclusivo Centros de Atención VIH-SIDA),P11000170,Nº Total de personas con VIH/SIDA - No Gestantes - Con TARV,COL33,AK,37,RANGO ETARIO Y SEXO - 60 a 64 años - Mujeres,RANGO ETARIO Y SEXO,60 a 64 años,Mujeres,,,"['RANGO ETARIO Y SEXO', '60 a 64 años', 'Mujeres']",14
P11,A,POBLACIÓN EN CONTROL DEL PROGRAMA DE VIH/SIDA (Uso exclusivo Centros de Atención VIH-SIDA),P11000170,Nº Total de personas con VIH/SIDA - No Gestantes - Con TARV,COL34,AL,38,RANGO ETARIO Y SEXO - 65 a 69 años - Hombres,RANGO ETARIO Y SEXO,65 a 69 años,Hombres,,,"['RANGO ETARIO Y SEXO', '65 a 69 años', 'Hombres']",14
P11,A,POBLACIÓN EN CONTROL DEL PROGRAMA DE VIH/SIDA (Uso exclusivo Centros de Atención VIH-SIDA),P11000170,Nº Total de personas con VIH/SIDA - No Gestantes - Con TARV,COL35,AM,39,RANGO ETARIO Y SEXO - 65 a 69 años - Mujeres,RANGO ETARIO Y SEXO,65 a 69 años,Mujeres,,,"['RANGO ETARIO Y SEXO', '65 a 69 años', 'Mujeres']",14
P11,A,POBLACIÓN EN CONTROL DEL PROGRAMA DE VIH/SIDA (Uso exclusivo Centros de Atención VIH-SIDA),P11000170,Nº Total de personas con VIH/SIDA - No Gestantes - Con TARV,COL36,AN,40,RANGO ETARIO Y SEXO - 70 a 74 años - Hombres,RANGO ETARIO Y SEXO,70 a 74 años,Hombres,,,"['RANGO ETARIO Y SEXO', '70 a 74 años', 'Hombres']",14
P11,A,POBLACIÓN EN CONTROL DEL PROGRAMA DE VIH/SIDA (Uso exclusivo Centros de Atención VIH-SIDA),P11000170,Nº Total de personas con VIH/SIDA - No Gestantes - Con TARV,COL37,AO,41,RANGO ETARIO Y SEXO - 70 a 74 años - Mujeres,RANGO ETARIO Y SEXO,70 a 74 años,Mujeres,,,"['RANGO ETARIO Y SEXO', '70 a 74 años', 'Mujeres']",14
P11,A,POBLACIÓN EN CONTROL DEL PROGRAMA DE VIH/SIDA (Uso exclusivo Centros de Atención VIH-SIDA),P11000170,Nº Total de personas con VIH/SIDA - No Gestantes - Con TARV,COL38,AP,42,RANGO ETARIO Y SEXO - 75 a 79 años - Hombres,RANGO ETARIO Y SEXO,75 a 79 años,Hombres,,,"['RANGO ETARIO Y SEXO', '75 a 79 años', 'Hombres']",14
P11,A,POBLACIÓN EN CONTROL DEL PROGRAMA DE VIH/SIDA (Uso exclusivo Centros de Atención VIH-SIDA),P11000170,Nº Total de personas con VIH/SIDA - No Gestantes - Con TARV,COL39,AQ,43,RANGO ETARIO Y SEXO - 75 a 79 años - Mujeres,RANGO ETARIO Y SEXO,75 a 79 años,Mujeres,,,"['RANGO ETARIO Y SEXO', '75 a 79 años', 'Mujeres']",14
P11,A,POBLACIÓN EN CONTROL DEL PROGRAMA DE VIH/SIDA (Uso exclusivo Centros de Atención VIH-SIDA),P11000170,Nº Total de personas con VIH/SIDA - No Gestantes - Con TARV,COL40,AR,44,RANGO ETARIO Y SEXO - 80 y más años - Hombres,RANGO ETARIO Y SEXO,80 y más años,Hombres,,,"['RANGO ETARIO Y SEXO', '80 y más años', 'Hombres']",14
P11,A,POBLACIÓN EN CONTROL DEL PROGRAMA DE VIH/SIDA (Uso exclusivo Centros de Atención VIH-SIDA),P11000170,Nº Total de personas con VIH/SIDA - No Gestantes - Con TARV,COL41,AS,45,RANGO ETARIO Y SEXO - 80 y más años - Mujeres,RANGO ETARIO Y SEXO,80 y más años,Mujeres,,,"['RANGO ETARIO Y SEXO', '80 y más años', 'Mujeres']",14
P11,A,POBLACIÓN EN CONTROL DEL PROGRAMA DE VIH/SIDA (Uso exclusivo Centros de Atención VIH-SIDA),P11000170,Nº Total de personas con VIH/SIDA - No Gestantes - Con TARV,COL42,AT,46,TRANS - Masculino,TRANS,Masculino,,,,"['TRANS', 'Masculino']",14
P11,A,POBLACIÓN EN CONTROL DEL PROGRAMA DE VIH/SIDA (Uso exclusivo Centros de Atención VIH-SIDA),P11000170,Nº Total de personas con VIH/SIDA - No Gestantes - Con TARV,COL43,AU,47,TRANS - Femenino,TRANS,Femenino,,,,"['TRANS', 'Femenino']",14
P11,A,POBLACIÓN EN CONTROL DEL PROGRAMA DE VIH/SIDA (Uso exclusivo Centros de Atención VIH-SIDA),P11000170,Nº Total de personas con VIH/SIDA - No Gestantes - Con TARV,COL44,AV,48,Pueblos Originarios,Pueblos Originarios,,,,,['Pueblos Originarios'],14
P11,A,POBLACIÓN EN CONTROL DEL PROGRAMA DE VIH/SIDA (Uso exclusivo Centros de Atención VIH-SIDA),P11000170,Nº Total de personas con VIH/SIDA - No Gestantes - Con TARV,COL45,AW,49,Migrantes,Migrantes,,,,,['Migrantes'],14
P11,A,POBLACIÓN EN CONTROL DEL PROGRAMA DE VIH/SIDA (Uso exclusivo Centros de Atención VIH-SIDA),P11000170,Nº Total de personas con VIH/SIDA - No Gestantes - Con TARV,COL46,AX,50,"Niños, Niñas, Adolescentes y Jóvenes SENAME","Niños, Niñas, Adolescentes y Jóvenes SENAME",,,,,"['Niños, Niñas, Adolescentes y Jóvenes SENAME']",14
P11,A,POBLACIÓN EN CONTROL DEL PROGRAMA DE VIH/SIDA (Uso exclusivo Centros de Atención VIH-SIDA),P11000170,Nº Total de personas con VIH/SIDA - No Gestantes - Con TARV,COL47,AY,51,"Niños, Niñas, Adolescentes y Jóvenes Mejor Niñez","Niños, Niñas, Adolescentes y Jóvenes Mejor Niñez",,,,,"['Niños, Niñas, Adolescentes y Jóvenes Mejor Niñez']",14
P11,A,POBLACIÓN EN CONTROL DEL PROGRAMA DE VIH/SIDA (Uso exclusivo Centros de Atención VIH-SIDA),P11000180,Nº Total de personas con VIH/SIDA - No Gestantes - Sin TARV,COL01,E,5,TOTAL - Ambos sexos,TOTAL,Ambos sexos,,,,"['TOTAL', 'Ambos sexos']",15
P11,A,POBLACIÓN EN CONTROL DEL PROGRAMA DE VIH/SIDA (Uso exclusivo Centros de Atención VIH-SIDA),P11000180,Nº Total de personas con VIH/SIDA - No Gestantes - Sin TARV,COL02,F,6,TOTAL - Hombres,TOTAL,Hombres,,,,"['TOTAL', 'Hombres']",15
P11,A,POBLACIÓN EN CONTROL DEL PROGRAMA DE VIH/SIDA (Uso exclusivo Centros de Atención VIH-SIDA),P11000180,Nº Total de personas con VIH/SIDA - No Gestantes - Sin TARV,COL03,G,7,TOTAL - Mujeres,TOTAL,Mujeres,,,,"['TOTAL', 'Mujeres']",15
P11,A,POBLACIÓN EN CONTROL DEL PROGRAMA DE VIH/SIDA (Uso exclusivo Centros de Atención VIH-SIDA),P11000180,Nº Total de personas con VIH/SIDA - No Gestantes - Sin TARV,COL04,H,8,RANGO ETARIO Y SEXO - Menor 1 Año - Hombres,RANGO ETARIO Y SEXO,Menor 1 Año,Hombres,,,"['RANGO ETARIO Y SEXO', 'Menor 1 Año', 'Hombres']",15
P11,A,POBLACIÓN EN CONTROL DEL PROGRAMA DE VIH/SIDA (Uso exclusivo Centros de Atención VIH-SIDA),P11000180,Nº Total de personas con VIH/SIDA - No Gestantes - Sin TARV,COL05,I,9,RANGO ETARIO Y SEXO - Menor 1 Año - Mujeres,RANGO ETARIO Y SEXO,Menor 1 Año,Mujeres,,,"['RANGO ETARIO Y SEXO', 'Menor 1 Año', 'Mujeres']",15
P11,A,POBLACIÓN EN CONTROL DEL PROGRAMA DE VIH/SIDA (Uso exclusivo Centros de Atención VIH-SIDA),P11000180,Nº Total de personas con VIH/SIDA - No Gestantes - Sin TARV,COL06,J,10,RANGO ETARIO Y SEXO - 1 año - Hombres,RANGO ETARIO Y SEXO,1 año,Hombres,,,"['RANGO ETARIO Y SEXO', '1 año', 'Hombres']",15
P11,A,POBLACIÓN EN CONTROL DEL PROGRAMA DE VIH/SIDA (Uso exclusivo Centros de Atención VIH-SIDA),P11000180,Nº Total de personas con VIH/SIDA - No Gestantes - Sin TARV,COL07,K,11,RANGO ETARIO Y SEXO - 1 año - Mujeres,RANGO ETARIO Y SEXO,1 año,Mujeres,,,"['RANGO ETARIO Y SEXO', '1 año', 'Mujeres']",15
P11,A,POBLACIÓN EN CONTROL DEL PROGRAMA DE VIH/SIDA (Uso exclusivo Centros de Atención VIH-SIDA),P11000180,Nº Total de personas con VIH/SIDA - No Gestantes - Sin TARV,COL08,L,12,RANGO ETARIO Y SEXO - 2 a 4 años - Hombres,RANGO ETARIO Y SEXO,2 a 4 años,Hombres,,,"['RANGO ETARIO Y SEXO', '2 a 4 años', 'Hombres']",15
P11,A,POBLACIÓN EN CONTROL DEL PROGRAMA DE VIH/SIDA (Uso exclusivo Centros de Atención VIH-SIDA),P11000180,Nº Total de personas con VIH/SIDA - No Gestantes - Sin TARV,COL09,M,13,RANGO ETARIO Y SEXO - 2 a 4 años - Mujeres,RANGO ETARIO Y SEXO,2 a 4 años,Mujeres,,,"['RANGO ETARIO Y SEXO', '2 a 4 años', 'Mujeres']",15
P11,A,POBLACIÓN EN CONTROL DEL PROGRAMA DE VIH/SIDA (Uso exclusivo Centros de Atención VIH-SIDA),P11000180,Nº Total de personas con VIH/SIDA - No Gestantes - Sin TARV,COL10,N,14,RANGO ETARIO Y SEXO - 5 a 9 años - Hombres,RANGO ETARIO Y SEXO,5 a 9 años,Hombres,,,"['RANGO ETARIO Y SEXO', '5 a 9 años', 'Hombres']",15
P11,A,POBLACIÓN EN CONTROL DEL PROGRAMA DE VIH/SIDA (Uso exclusivo Centros de Atención VIH-SIDA),P11000180,Nº Total de personas con VIH/SIDA - No Gestantes - Sin TARV,COL11,O,15,RANGO ETARIO Y SEXO - 5 a 9 años - Mujeres,RANGO ETARIO Y SEXO,5 a 9 años,Mujeres,,,"['RANGO ETARIO Y SEXO', '5 a 9 años', 'Mujeres']",15
P11,A,POBLACIÓN EN CONTROL DEL PROGRAMA DE VIH/SIDA (Uso exclusivo Centros de Atención VIH-SIDA),P11000180,Nº Total de personas con VIH/SIDA - No Gestantes - Sin TARV,COL12,P,16,RANGO ETARIO Y SEXO - 10 a 14 años - Hombres,RANGO ETARIO Y SEXO,10 a 14 años,Hombres,,,"['RANGO ETARIO Y SEXO', '10 a 14 años', 'Hombres']",15
P11,A,POBLACIÓN EN CONTROL DEL PROGRAMA DE VIH/SIDA (Uso exclusivo Centros de Atención VIH-SIDA),P11000180,Nº Total de personas con VIH/SIDA - No Gestantes - Sin TARV,COL13,Q,17,RANGO ETARIO Y SEXO - 10 a 14 años - Mujeres,RANGO ETARIO Y SEXO,10 a 14 años,Mujeres,,,"['RANGO ETARIO Y SEXO', '10 a 14 años', 'Mujeres']",15
P11,A,POBLACIÓN EN CONTROL DEL PROGRAMA DE VIH/SIDA (Uso exclusivo Centros de Atención VIH-SIDA),P11000180,Nº Total de personas con VIH/SIDA - No Gestantes - Sin TARV,COL14,R,18,RANGO ETARIO Y SEXO - 15 a 19 años - Hombres,RANGO ETARIO Y SEXO,15 a 19 años,Hombres,,,"['RANGO ETARIO Y SEXO', '15 a 19 años', 'Hombres']",15
P11,A,POBLACIÓN EN CONTROL DEL PROGRAMA DE VIH/SIDA (Uso exclusivo Centros de Atención VIH-SIDA),P11000180,Nº Total de personas con VIH/SIDA - No Gestantes - Sin TARV,COL15,S,19,RANGO ETARIO Y SEXO - 15 a 19 años - Mujeres,RANGO ETARIO Y SEXO,15 a 19 años,Mujeres,,,"['RANGO ETARIO Y SEXO', '15 a 19 años', 'Mujeres']",15
P11,A,POBLACIÓN EN CONTROL DEL PROGRAMA DE VIH/SIDA (Uso exclusivo Centros de Atención VIH-SIDA),P11000180,Nº Total de personas con VIH/SIDA - No Gestantes - Sin TARV,COL16,T,20,RANGO ETARIO Y SEXO - 20 a 24 años - Hombres,RANGO ETARIO Y SEXO,20 a 24 años,Hombres,,,"['RANGO ETARIO Y SEXO', '20 a 24 años', 'Hombres']",15
P11,A,POBLACIÓN EN CONTROL DEL PROGRAMA DE VIH/SIDA (Uso exclusivo Centros de Atención VIH-SIDA),P11000180,Nº Total de personas con VIH/SIDA - No Gestantes - Sin TARV,COL17,U,21,RANGO ETARIO Y SEXO - 20 a 24 años - Mujeres,RANGO ETARIO Y SEXO,20 a 24 años,Mujeres,,,"['RANGO ETARIO Y SEXO', '20 a 24 años', 'Mujeres']",15
P11,A,POBLACIÓN EN CONTROL DEL PROGRAMA DE VIH/SIDA (Uso exclusivo Centros de Atención VIH-SIDA),P11000180,Nº Total de personas con VIH/SIDA - No Gestantes - Sin TARV,COL18,V,22,RANGO ETARIO Y SEXO - 25 a 29 años - Hombres,RANGO ETARIO Y SEXO,25 a 29 años,Hombres,,,"['RANGO ETARIO Y SEXO', '25 a 29 años', 'Hombres']",15
P11,A,POBLACIÓN EN CONTROL DEL PROGRAMA DE VIH/SIDA (Uso exclusivo Centros de Atención VIH-SIDA),P11000180,Nº Total de personas con VIH/SIDA - No Gestantes - Sin TARV,COL19,W,23,RANGO ETARIO Y SEXO - 25 a 29 años - Mujeres,RANGO ETARIO Y SEXO,25 a 29 años,Mujeres,,,"['RANGO ETARIO Y SEXO', '25 a 29 años', 'Mujeres']",15
P11,A,POBLACIÓN EN CONTROL DEL PROGRAMA DE VIH/SIDA (Uso exclusivo Centros de Atención VIH-SIDA),P11000180,Nº Total de personas con VIH/SIDA - No Gestantes - Sin TARV,COL20,X,24,RANGO ETARIO Y SEXO - 30 a 34 años - Hombres,RANGO ETARIO Y SEXO,30 a 34 años,Hombres,,,"['RANGO ETARIO Y SEXO', '30 a 34 años', 'Hombres']",15
P11,A,POBLACIÓN EN CONTROL DEL PROGRAMA DE VIH/SIDA (Uso exclusivo Centros de Atención VIH-SIDA),P11000180,Nº Total de personas con VIH/SIDA - No Gestantes - Sin TARV,COL21,Y,25,RANGO ETARIO Y SEXO - 30 a 34 años - Mujeres,RANGO ETARIO Y SEXO,30 a 34 años,Mujeres,,,"['RANGO ETARIO Y SEXO', '30 a 34 años', 'Mujeres']",15
P11,A,POBLACIÓN EN CONTROL DEL PROGRAMA DE VIH/SIDA (Uso exclusivo Centros de Atención VIH-SIDA),P11000180,Nº Total de personas con VIH/SIDA - No Gestantes - Sin TARV,COL22,Z,26,RANGO ETARIO Y SEXO - 35 a 39 años - Hombres,RANGO ETARIO Y SEXO,35 a 39 años,Hombres,,,"['RANGO ETARIO Y SEXO', '35 a 39 años', 'Hombres']",15
P11,A,POBLACIÓN EN CONTROL DEL PROGRAMA DE VIH/SIDA (Uso exclusivo Centros de Atención VIH-SIDA),P11000180,Nº Total de personas con VIH/SIDA - No Gestantes - Sin TARV,COL23,AA,27,RANGO ETARIO Y SEXO - 35 a 39 años - Mujeres,RANGO ETARIO Y SEXO,35 a 39 años,Mujeres,,,"['RANGO ETARIO Y SEXO', '35 a 39 años', 'Mujeres']",15
P11,A,POBLACIÓN EN CONTROL DEL PROGRAMA DE VIH/SIDA (Uso exclusivo Centros de Atención VIH-SIDA),P11000180,Nº Total de personas con VIH/SIDA - No Gestantes - Sin TARV,COL24,AB,28,RANGO ETARIO Y SEXO - 40 a 44 años - Hombres,RANGO ETARIO Y SEXO,40 a 44 años,Hombres,,,"['RANGO ETARIO Y SEXO', '40 a 44 años', 'Hombres']",15
P11,A,POBLACIÓN EN CONTROL DEL PROGRAMA DE VIH/SIDA (Uso exclusivo Centros de Atención VIH-SIDA),P11000180,Nº Total de personas con VIH/SIDA - No Gestantes - Sin TARV,COL25,AC,29,RANGO ETARIO Y SEXO - 40 a 44 años - Mujeres,RANGO ETARIO Y SEXO,40 a 44 años,Mujeres,,,"['RANGO ETARIO Y SEXO', '40 a 44 años', 'Mujeres']",15
P11,A,POBLACIÓN EN CONTROL DEL PROGRAMA DE VIH/SIDA (Uso exclusivo Centros de Atención VIH-SIDA),P11000180,Nº Total de personas con VIH/SIDA - No Gestantes - Sin TARV,COL26,AD,30,RANGO ETARIO Y SEXO - 45 a 49 años - Hombres,RANGO ETARIO Y SEXO,45 a 49 años,Hombres,,,"['RANGO ETARIO Y SEXO', '45 a 49 años', 'Hombres']",15
P11,A,POBLACIÓN EN CONTROL DEL PROGRAMA DE VIH/SIDA (Uso exclusivo Centros de Atención VIH-SIDA),P11000180,Nº Total de personas con VIH/SIDA - No Gestantes - Sin TARV,COL27,AE,31,RANGO ETARIO Y SEXO - 45 a 49 años - Mujeres,RANGO ETARIO Y SEXO,45 a 49 años,Mujeres,,,"['RANGO ETARIO Y SEXO', '45 a 49 años', 'Mujeres']",15
P11,A,POBLACIÓN EN CONTROL DEL PROGRAMA DE VIH/SIDA (Uso exclusivo Centros de Atención VIH-SIDA),P11000180,Nº Total de personas con VIH/SIDA - No Gestantes - Sin TARV,COL28,AF,32,RANGO ETARIO Y SEXO - 50 a 54 años - Hombres,RANGO ETARIO Y SEXO,50 a 54 años,Hombres,,,"['RANGO ETARIO Y SEXO', '50 a 54 años', 'Hombres']",15
P11,A,POBLACIÓN EN CONTROL DEL PROGRAMA DE VIH/SIDA (Uso exclusivo Centros de Atención VIH-SIDA),P11000180,Nº Total de personas con VIH/SIDA - No Gestantes - Sin TARV,COL29,AG,33,RANGO ETARIO Y SEXO - 50 a 54 años - Mujeres,RANGO ETARIO Y SEXO,50 a 54 años,Mujeres,,,"['RANGO ETARIO Y SEXO', '50 a 54 años', 'Mujeres']",15
P11,A,POBLACIÓN EN CONTROL DEL PROGRAMA DE VIH/SIDA (Uso exclusivo Centros de Atención VIH-SIDA),P11000180,Nº Total de personas con VIH/SIDA - No Gestantes - Sin TARV,COL30,AH,34,RANGO ETARIO Y SEXO - 55 a 59 años - Hombres,RANGO ETARIO Y SEXO,55 a 59 años,Hombres,,,"['RANGO ETARIO Y SEXO', '55 a 59 años', 'Hombres']",15
P11,A,POBLACIÓN EN CONTROL DEL PROGRAMA DE VIH/SIDA (Uso exclusivo Centros de Atención VIH-SIDA),P11000180,Nº Total de personas con VIH/SIDA - No Gestantes - Sin TARV,COL31,AI,35,RANGO ETARIO Y SEXO - 55 a 59 años - Mujeres,RANGO ETARIO Y SEXO,55 a 59 años,Mujeres,,,"['RANGO ETARIO Y SEXO', '55 a 59 años', 'Mujeres']",15
P11,A,POBLACIÓN EN CONTROL DEL PROGRAMA DE VIH/SIDA (Uso exclusivo Centros de Atención VIH-SIDA),P11000180,Nº Total de personas con VIH/SIDA - No Gestantes - Sin TARV,COL32,AJ,36,RANGO ETARIO Y SEXO - 60 a 64 años - Hombres,RANGO ETARIO Y SEXO,60 a 64 años,Hombres,,,"['RANGO ETARIO Y SEXO', '60 a 64 años', 'Hombres']",15
P11,A,POBLACIÓN EN CONTROL DEL PROGRAMA DE VIH/SIDA (Uso exclusivo Centros de Atención VIH-SIDA),P11000180,Nº Total de personas con VIH/SIDA - No Gestantes - Sin TARV,COL33,AK,37,RANGO ETARIO Y SEXO - 60 a 64 años - Mujeres,RANGO ETARIO Y SEXO,60 a 64 años,Mujeres,,,"['RANGO ETARIO Y SEXO', '60 a 64 años', 'Mujeres']",15
P11,A,POBLACIÓN EN CONTROL DEL PROGRAMA DE VIH/SIDA (Uso exclusivo Centros de Atención VIH-SIDA),P11000180,Nº Total de personas con VIH/SIDA - No Gestantes - Sin TARV,COL34,AL,38,RANGO ETARIO Y SEXO - 65 a 69 años - Hombres,RANGO ETARIO Y SEXO,65 a 69 años,Hombres,,,"['RANGO ETARIO Y SEXO', '65 a 69 años', 'Hombres']",15
P11,A,POBLACIÓN EN CONTROL DEL PROGRAMA DE VIH/SIDA (Uso exclusivo Centros de Atención VIH-SIDA),P11000180,Nº Total de personas con VIH/SIDA - No Gestantes - Sin TARV,COL35,AM,39,RANGO ETARIO Y SEXO - 65 a 69 años - Mujeres,RANGO ETARIO Y SEXO,65 a 69 años,Mujeres,,,"['RANGO ETARIO Y SEXO', '65 a 69 años', 'Mujeres']",15
P11,A,POBLACIÓN EN CONTROL DEL PROGRAMA DE VIH/SIDA (Uso exclusivo Centros de Atención VIH-SIDA),P11000180,Nº Total de personas con VIH/SIDA - No Gestantes - Sin TARV,COL36,AN,40,RANGO ETARIO Y SEXO - 70 a 74 años - Hombres,RANGO ETARIO Y SEXO,70 a 74 años,Hombres,,,"['RANGO ETARIO Y SEXO', '70 a 74 años', 'Hombres']",15
P11,A,POBLACIÓN EN CONTROL DEL PROGRAMA DE VIH/SIDA (Uso exclusivo Centros de Atención VIH-SIDA),P11000180,Nº Total de personas con VIH/SIDA - No Gestantes - Sin TARV,COL37,AO,41,RANGO ETARIO Y SEXO - 70 a 74 años - Mujeres,RANGO ETARIO Y SEXO,70 a 74 años,Mujeres,,,"['RANGO ETARIO Y SEXO', '70 a 74 años', 'Mujeres']",15
P11,A,POBLACIÓN EN CONTROL DEL PROGRAMA DE VIH/SIDA (Uso exclusivo Centros de Atención VIH-SIDA),P11000180,Nº Total de personas con VIH/SIDA - No Gestantes - Sin TARV,COL38,AP,42,RANGO ETARIO Y SEXO - 75 a 79 años - Hombres,RANGO ETARIO Y SEXO,75 a 79 años,Hombres,,,"['RANGO ETARIO Y SEXO', '75 a 79 años', 'Hombres']",15
P11,A,POBLACIÓN EN CONTROL DEL PROGRAMA DE VIH/SIDA (Uso exclusivo Centros de Atención VIH-SIDA),P11000180,Nº Total de personas con VIH/SIDA - No Gestantes - Sin TARV,COL39,AQ,43,RANGO ETARIO Y SEXO - 75 a 79 años - Mujeres,RANGO ETARIO Y SEXO,75 a 79 años,Mujeres,,,"['RANGO ETARIO Y SEXO', '75 a 79 años', 'Mujeres']",15
P11,A,POBLACIÓN EN CONTROL DEL PROGRAMA DE VIH/SIDA (Uso exclusivo Centros de Atención VIH-SIDA),P11000180,Nº Total de personas con VIH/SIDA - No Gestantes - Sin TARV,COL40,AR,44,RANGO ETARIO Y SEXO - 80 y más años - Hombres,RANGO ETARIO Y SEXO,80 y más años,Hombres,,,"['RANGO ETARIO Y SEXO', '80 y más años', 'Hombres']",15
P11,A,POBLACIÓN EN CONTROL DEL PROGRAMA DE VIH/SIDA (Uso exclusivo Centros de Atención VIH-SIDA),P11000180,Nº Total de personas con VIH/SIDA - No Gestantes - Sin TARV,COL41,AS,45,RANGO ETARIO Y SEXO - 80 y más años - Mujeres,RANGO ETARIO Y SEXO,80 y más años,Mujeres,,,"['RANGO ETARIO Y SEXO', '80 y más años', 'Mujeres']",15
P11,A,POBLACIÓN EN CONTROL DEL PROGRAMA DE VIH/SIDA (Uso exclusivo Centros de Atención VIH-SIDA),P11000180,Nº Total de personas con VIH/SIDA - No Gestantes - Sin TARV,COL42,AT,46,TRANS - Masculino,TRANS,Masculino,,,,"['TRANS', 'Masculino']",15
P11,A,POBLACIÓN EN CONTROL DEL PROGRAMA DE VIH/SIDA (Uso exclusivo Centros de Atención VIH-SIDA),P11000180,Nº Total de personas con VIH/SIDA - No Gestantes - Sin TARV,COL43,AU,47,TRANS - Femenino,TRANS,Femenino,,,,"['TRANS', 'Femenino']",15
P11,A,POBLACIÓN EN CONTROL DEL PROGRAMA DE VIH/SIDA (Uso exclusivo Centros de Atención VIH-SIDA),P11000180,Nº Total de personas con VIH/SIDA - No Gestantes - Sin TARV,COL44,AV,48,Pueblos Originarios,Pueblos Originarios,,,,,['Pueblos Originarios'],15
P11,A,POBLACIÓN EN CONTROL DEL PROGRAMA DE VIH/SIDA (Uso exclusivo Centros de Atención VIH-SIDA),P11000180,Nº Total de personas con VIH/SIDA - No Gestantes - Sin TARV,COL45,AW,49,Migrantes,Migrantes,,,,,['Migrantes'],15
P11,A,POBLACIÓN EN CONTROL DEL PROGRAMA DE VIH/SIDA (Uso exclusivo Centros de Atención VIH-SIDA),P11000180,Nº Total de personas con VIH/SIDA - No Gestantes - Sin TARV,COL46,AX,50,"Niños, Niñas, Adolescentes y Jóvenes SENAME","Niños, Niñas, Adolescentes y Jóvenes SENAME",,,,,"['Niños, Niñas, Adolescentes y Jóvenes SENAME']",15
P11,A,POBLACIÓN EN CONTROL DEL PROGRAMA DE VIH/SIDA (Uso exclusivo Centros de Atención VIH-SIDA),P11000180,Nº Total de personas con VIH/SIDA - No Gestantes - Sin TARV,COL47,AY,51,"Niños, Niñas, Adolescentes y Jóvenes Mejor Niñez","Niños, Niñas, Adolescentes y Jóvenes Mejor Niñez",,,,,"['Niños, Niñas, Adolescentes y Jóvenes Mejor Niñez']",15
P11,A,POBLACIÓN EN CONTROL DEL PROGRAMA DE VIH/SIDA (Uso exclusivo Centros de Atención VIH-SIDA),P11000190,N° Total de personas en TARV - Gestantes - Con carga viral <a 1000 copias,COL01,E,5,TOTAL - Ambos sexos,TOTAL,Ambos sexos,,,,"['TOTAL', 'Ambos sexos']",16
P11,A,POBLACIÓN EN CONTROL DEL PROGRAMA DE VIH/SIDA (Uso exclusivo Centros de Atención VIH-SIDA),P11000190,N° Total de personas en TARV - Gestantes - Con carga viral <a 1000 copias,COL02,F,6,TOTAL - Hombres,TOTAL,Hombres,,,,"['TOTAL', 'Hombres']",16
P11,A,POBLACIÓN EN CONTROL DEL PROGRAMA DE VIH/SIDA (Uso exclusivo Centros de Atención VIH-SIDA),P11000190,N° Total de personas en TARV - Gestantes - Con carga viral <a 1000 copias,COL03,G,7,TOTAL - Mujeres,TOTAL,Mujeres,,,,"['TOTAL', 'Mujeres']",16
P11,A,POBLACIÓN EN CONTROL DEL PROGRAMA DE VIH/SIDA (Uso exclusivo Centros de Atención VIH-SIDA),P11000190,N° Total de personas en TARV - Gestantes - Con carga viral <a 1000 copias,COL04,H,8,RANGO ETARIO Y SEXO - Menor 1 Año - Hombres,RANGO ETARIO Y SEXO,Menor 1 Año,Hombres,,,"['RANGO ETARIO Y SEXO', 'Menor 1 Año', 'Hombres']",16
P11,A,POBLACIÓN EN CONTROL DEL PROGRAMA DE VIH/SIDA (Uso exclusivo Centros de Atención VIH-SIDA),P11000190,N° Total de personas en TARV - Gestantes - Con carga viral <a 1000 copias,COL05,I,9,RANGO ETARIO Y SEXO - Menor 1 Año - Mujeres,RANGO ETARIO Y SEXO,Menor 1 Año,Mujeres,,,"['RANGO ETARIO Y SEXO', 'Menor 1 Año', 'Mujeres']",16
P11,A,POBLACIÓN EN CONTROL DEL PROGRAMA DE VIH/SIDA (Uso exclusivo Centros de Atención VIH-SIDA),P11000190,N° Total de personas en TARV - Gestantes - Con carga viral <a 1000 copias,COL06,J,10,RANGO ETARIO Y SEXO - 1 año - Hombres,RANGO ETARIO Y SEXO,1 año,Hombres,,,"['RANGO ETARIO Y SEXO', '1 año', 'Hombres']",16
P11,A,POBLACIÓN EN CONTROL DEL PROGRAMA DE VIH/SIDA (Uso exclusivo Centros de Atención VIH-SIDA),P11000190,N° Total de personas en TARV - Gestantes - Con carga viral <a 1000 copias,COL07,K,11,RANGO ETARIO Y SEXO - 1 año - Mujeres,RANGO ETARIO Y SEXO,1 año,Mujeres,,,"['RANGO ETARIO Y SEXO', '1 año', 'Mujeres']",16
P11,A,POBLACIÓN EN CONTROL DEL PROGRAMA DE VIH/SIDA (Uso exclusivo Centros de Atención VIH-SIDA),P11000190,N° Total de personas en TARV - Gestantes - Con carga viral <a 1000 copias,COL08,L,12,RANGO ETARIO Y SEXO - 2 a 4 años - Hombres,RANGO ETARIO Y SEXO,2 a 4 años,Hombres,,,"['RANGO ETARIO Y SEXO', '2 a 4 años', 'Hombres']",16
P11,A,POBLACIÓN EN CONTROL DEL PROGRAMA DE VIH/SIDA (Uso exclusivo Centros de Atención VIH-SIDA),P11000190,N° Total de personas en TARV - Gestantes - Con carga viral <a 1000 copias,COL09,M,13,RANGO ETARIO Y SEXO - 2 a 4 años - Mujeres,RANGO ETARIO Y SEXO,2 a 4 años,Mujeres,,,"['RANGO ETARIO Y SEXO', '2 a 4 años', 'Mujeres']",16
P11,A,POBLACIÓN EN CONTROL DEL PROGRAMA DE VIH/SIDA (Uso exclusivo Centros de Atención VIH-SIDA),P11000190,N° Total de personas en TARV - Gestantes - Con carga viral <a 1000 copias,COL10,N,14,RANGO ETARIO Y SEXO - 5 a 9 años - Hombres,RANGO ETARIO Y SEXO,5 a 9 años,Hombres,,,"['RANGO ETARIO Y SEXO', '5 a 9 años', 'Hombres']",16
P11,A,POBLACIÓN EN CONTROL DEL PROGRAMA DE VIH/SIDA (Uso exclusivo Centros de Atención VIH-SIDA),P11000190,N° Total de personas en TARV - Gestantes - Con carga viral <a 1000 copias,COL11,O,15,RANGO ETARIO Y SEXO - 5 a 9 años - Mujeres,RANGO ETARIO Y SEXO,5 a 9 años,Mujeres,,,"['RANGO ETARIO Y SEXO', '5 a 9 años', 'Mujeres']",16
P11,A,POBLACIÓN EN CONTROL DEL PROGRAMA DE VIH/SIDA (Uso exclusivo Centros de Atención VIH-SIDA),P11000190,N° Total de personas en TARV - Gestantes - Con carga viral <a 1000 copias,COL12,P,16,RANGO ETARIO Y SEXO - 10 a 14 años - Hombres,RANGO ETARIO Y SEXO,10 a 14 años,Hombres,,,"['RANGO ETARIO Y SEXO', '10 a 14 años', 'Hombres']",16
P11,A,POBLACIÓN EN CONTROL DEL PROGRAMA DE VIH/SIDA (Uso exclusivo Centros de Atención VIH-SIDA),P11000190,N° Total de personas en TARV - Gestantes - Con carga viral <a 1000 copias,COL13,Q,17,RANGO ETARIO Y SEXO - 10 a 14 años - Mujeres,RANGO ETARIO Y SEXO,10 a 14 años,Mujeres,,,"['RANGO ETARIO Y SEXO', '10 a 14 años', 'Mujeres']",16
P11,A,POBLACIÓN EN CONTROL DEL PROGRAMA DE VIH/SIDA (Uso exclusivo Centros de Atención VIH-SIDA),P11000190,N° Total de personas en TARV - Gestantes - Con carga viral <a 1000 copias,COL14,R,18,RANGO ETARIO Y SEXO - 15 a 19 años - Hombres,RANGO ETARIO Y SEXO,15 a 19 años,Hombres,,,"['RANGO ETARIO Y SEXO', '15 a 19 años', 'Hombres']",16
P11,A,POBLACIÓN EN CONTROL DEL PROGRAMA DE VIH/SIDA (Uso exclusivo Centros de Atención VIH-SIDA),P11000190,N° Total de personas en TARV - Gestantes - Con carga viral <a 1000 copias,COL15,S,19,RANGO ETARIO Y SEXO - 15 a 19 años - Mujeres,RANGO ETARIO Y SEXO,15 a 19 años,Mujeres,,,"['RANGO ETARIO Y SEXO', '15 a 19 años', 'Mujeres']",16
P11,A,POBLACIÓN EN CONTROL DEL PROGRAMA DE VIH/SIDA (Uso exclusivo Centros de Atención VIH-SIDA),P11000190,N° Total de personas en TARV - Gestantes - Con carga viral <a 1000 copias,COL16,T,20,RANGO ETARIO Y SEXO - 20 a 24 años - Hombres,RANGO ETARIO Y SEXO,20 a 24 años,Hombres,,,"['RANGO ETARIO Y SEXO', '20 a 24 años', 'Hombres']",16
P11,A,POBLACIÓN EN CONTROL DEL PROGRAMA DE VIH/SIDA (Uso exclusivo Centros de Atención VIH-SIDA),P11000190,N° Total de personas en TARV - Gestantes - Con carga viral <a 1000 copias,COL17,U,21,RANGO ETARIO Y SEXO - 20 a 24 años - Mujeres,RANGO ETARIO Y SEXO,20 a 24 años,Mujeres,,,"['RANGO ETARIO Y SEXO', '20 a 24 años', 'Mujeres']",16
P11,A,POBLACIÓN EN CONTROL DEL PROGRAMA DE VIH/SIDA (Uso exclusivo Centros de Atención VIH-SIDA),P11000190,N° Total de personas en TARV - Gestantes - Con carga viral <a 1000 copias,COL18,V,22,RANGO ETARIO Y SEXO - 25 a 29 años - Hombres,RANGO ETARIO Y SEXO,25 a 29 años,Hombres,,,"['RANGO ETARIO Y SEXO', '25 a 29 años', 'Hombres']",16
P11,A,POBLACIÓN EN CONTROL DEL PROGRAMA DE VIH/SIDA (Uso exclusivo Centros de Atención VIH-SIDA),P11000190,N° Total de personas en TARV - Gestantes - Con carga viral <a 1000 copias,COL19,W,23,RANGO ETARIO Y SEXO - 25 a 29 años - Mujeres,RANGO ETARIO Y SEXO,25 a 29 años,Mujeres,,,"['RANGO ETARIO Y SEXO', '25 a 29 años', 'Mujeres']",16
P11,A,POBLACIÓN EN CONTROL DEL PROGRAMA DE VIH/SIDA (Uso exclusivo Centros de Atención VIH-SIDA),P11000190,N° Total de personas en TARV - Gestantes - Con carga viral <a 1000 copias,COL20,X,24,RANGO ETARIO Y SEXO - 30 a 34 años - Hombres,RANGO ETARIO Y SEXO,30 a 34 años,Hombres,,,"['RANGO ETARIO Y SEXO', '30 a 34 años', 'Hombres']",16
P11,A,POBLACIÓN EN CONTROL DEL PROGRAMA DE VIH/SIDA (Uso exclusivo Centros de Atención VIH-SIDA),P11000190,N° Total de personas en TARV - Gestantes - Con carga viral <a 1000 copias,COL21,Y,25,RANGO ETARIO Y SEXO - 30 a 34 años - Mujeres,RANGO ETARIO Y SEXO,30 a 34 años,Mujeres,,,"['RANGO ETARIO Y SEXO', '30 a 34 años', 'Mujeres']",16
P11,A,POBLACIÓN EN CONTROL DEL PROGRAMA DE VIH/SIDA (Uso exclusivo Centros de Atención VIH-SIDA),P11000190,N° Total de personas en TARV - Gestantes - Con carga viral <a 1000 copias,COL22,Z,26,RANGO ETARIO Y SEXO - 35 a 39 años - Hombres,RANGO ETARIO Y SEXO,35 a 39 años,Hombres,,,"['RANGO ETARIO Y SEXO', '35 a 39 años', 'Hombres']",16
P11,A,POBLACIÓN EN CONTROL DEL PROGRAMA DE VIH/SIDA (Uso exclusivo Centros de Atención VIH-SIDA),P11000190,N° Total de personas en TARV - Gestantes - Con carga viral <a 1000 copias,COL23,AA,27,RANGO ETARIO Y SEXO - 35 a 39 años - Mujeres,RANGO ETARIO Y SEXO,35 a 39 años,Mujeres,,,"['RANGO ETARIO Y SEXO', '35 a 39 años', 'Mujeres']",16
P11,A,POBLACIÓN EN CONTROL DEL PROGRAMA DE VIH/SIDA (Uso exclusivo Centros de Atención VIH-SIDA),P11000190,N° Total de personas en TARV - Gestantes - Con carga viral <a 1000 copias,COL24,AB,28,RANGO ETARIO Y SEXO - 40 a 44 años - Hombres,RANGO ETARIO Y SEXO,40 a 44 años,Hombres,,,"['RANGO ETARIO Y SEXO', '40 a 44 años', 'Hombres']",16
P11,A,POBLACIÓN EN CONTROL DEL PROGRAMA DE VIH/SIDA (Uso exclusivo Centros de Atención VIH-SIDA),P11000190,N° Total de personas en TARV - Gestantes - Con carga viral <a 1000 copias,COL25,AC,29,RANGO ETARIO Y SEXO - 40 a 44 años - Mujeres,RANGO ETARIO Y SEXO,40 a 44 años,Mujeres,,,"['RANGO ETARIO Y SEXO', '40 a 44 años', 'Mujeres']",16
P11,A,POBLACIÓN EN CONTROL DEL PROGRAMA DE VIH/SIDA (Uso exclusivo Centros de Atención VIH-SIDA),P11000190,N° Total de personas en TARV - Gestantes - Con carga viral <a 1000 copias,COL26,AD,30,RANGO ETARIO Y SEXO - 45 a 49 años - Hombres,RANGO ETARIO Y SEXO,45 a 49 años,Hombres,,,"['RANGO ETARIO Y SEXO', '45 a 49 años', 'Hombres']",16
P11,A,POBLACIÓN EN CONTROL DEL PROGRAMA DE VIH/SIDA (Uso exclusivo Centros de Atención VIH-SIDA),P11000190,N° Total de personas en TARV - Gestantes - Con carga viral <a 1000 copias,COL27,AE,31,RANGO ETARIO Y SEXO - 45 a 49 años - Mujeres,RANGO ETARIO Y SEXO,45 a 49 años,Mujeres,,,"['RANGO ETARIO Y SEXO', '45 a 49 años', 'Mujeres']",16
P11,A,POBLACIÓN EN CONTROL DEL PROGRAMA DE VIH/SIDA (Uso exclusivo Centros de Atención VIH-SIDA),P11000190,N° Total de personas en TARV - Gestantes - Con carga viral <a 1000 copias,COL28,AF,32,RANGO ETARIO Y SEXO - 50 a 54 años - Hombres,RANGO ETARIO Y SEXO,50 a 54 años,Hombres,,,"['RANGO ETARIO Y SEXO', '50 a 54 años', 'Hombres']",16
P11,A,POBLACIÓN EN CONTROL DEL PROGRAMA DE VIH/SIDA (Uso exclusivo Centros de Atención VIH-SIDA),P11000190,N° Total de personas en TARV - Gestantes - Con carga viral <a 1000 copias,COL29,AG,33,RANGO ETARIO Y SEXO - 50 a 54 años - Mujeres,RANGO ETARIO Y SEXO,50 a 54 años,Mujeres,,,"['RANGO ETARIO Y SEXO', '50 a 54 años', 'Mujeres']",16
P11,A,POBLACIÓN EN CONTROL DEL PROGRAMA DE VIH/SIDA (Uso exclusivo Centros de Atención VIH-SIDA),P11000190,N° Total de personas en TARV - Gestantes - Con carga viral <a 1000 copias,COL30,AH,34,RANGO ETARIO Y SEXO - 55 a 59 años - Hombres,RANGO ETARIO Y SEXO,55 a 59 años,Hombres,,,"['RANGO ETARIO Y SEXO', '55 a 59 años', 'Hombres']",16
P11,A,POBLACIÓN EN CONTROL DEL PROGRAMA DE VIH/SIDA (Uso exclusivo Centros de Atención VIH-SIDA),P11000190,N° Total de personas en TARV - Gestantes - Con carga viral <a 1000 copias,COL31,AI,35,RANGO ETARIO Y SEXO - 55 a 59 años - Mujeres,RANGO ETARIO Y SEXO,55 a 59 años,Mujeres,,,"['RANGO ETARIO Y SEXO', '55 a 59 años', 'Mujeres']",16
P11,A,POBLACIÓN EN CONTROL DEL PROGRAMA DE VIH/SIDA (Uso exclusivo Centros de Atención VIH-SIDA),P11000190,N° Total de personas en TARV - Gestantes - Con carga viral <a 1000 copias,COL32,AJ,36,RANGO ETARIO Y SEXO - 60 a 64 años - Hombres,RANGO ETARIO Y SEXO,60 a 64 años,Hombres,,,"['RANGO ETARIO Y SEXO', '60 a 64 años', 'Hombres']",16
P11,A,POBLACIÓN EN CONTROL DEL PROGRAMA DE VIH/SIDA (Uso exclusivo Centros de Atención VIH-SIDA),P11000190,N° Total de personas en TARV - Gestantes - Con carga viral <a 1000 copias,COL33,AK,37,RANGO ETARIO Y SEXO - 60 a 64 años - Mujeres,RANGO ETARIO Y SEXO,60 a 64 años,Mujeres,,,"['RANGO ETARIO Y SEXO', '60 a 64 años', 'Mujeres']",16
P11,A,POBLACIÓN EN CONTROL DEL PROGRAMA DE VIH/SIDA (Uso exclusivo Centros de Atención VIH-SIDA),P11000190,N° Total de personas en TARV - Gestantes - Con carga viral <a 1000 copias,COL34,AL,38,RANGO ETARIO Y SEXO - 65 a 69 años - Hombres,RANGO ETARIO Y SEXO,65 a 69 años,Hombres,,,"['RANGO ETARIO Y SEXO', '65 a 69 años', 'Hombres']",16
P11,A,POBLACIÓN EN CONTROL DEL PROGRAMA DE VIH/SIDA (Uso exclusivo Centros de Atención VIH-SIDA),P11000190,N° Total de personas en TARV - Gestantes - Con carga viral <a 1000 copias,COL35,AM,39,RANGO ETARIO Y SEXO - 65 a 69 años - Mujeres,RANGO ETARIO Y SEXO,65 a 69 años,Mujeres,,,"['RANGO ETARIO Y SEXO', '65 a 69 años', 'Mujeres']",16
P11,A,POBLACIÓN EN CONTROL DEL PROGRAMA DE VIH/SIDA (Uso exclusivo Centros de Atención VIH-SIDA),P11000190,N° Total de personas en TARV - Gestantes - Con carga viral <a 1000 copias,COL36,AN,40,RANGO ETARIO Y SEXO - 70 a 74 años - Hombres,RANGO ETARIO Y SEXO,70 a 74 años,Hombres,,,"['RANGO ETARIO Y SEXO', '70 a 74 años', 'Hombres']",16
P11,A,POBLACIÓN EN CONTROL DEL PROGRAMA DE VIH/SIDA (Uso exclusivo Centros de Atención VIH-SIDA),P11000190,N° Total de personas en TARV - Gestantes - Con carga viral <a 1000 copias,COL37,AO,41,RANGO ETARIO Y SEXO - 70 a 74 años - Mujeres,RANGO ETARIO Y SEXO,70 a 74 años,Mujeres,,,"['RANGO ETARIO Y SEXO', '70 a 74 años', 'Mujeres']",16
P11,A,POBLACIÓN EN CONTROL DEL PROGRAMA DE VIH/SIDA (Uso exclusivo Centros de Atención VIH-SIDA),P11000190,N° Total de personas en TARV - Gestantes - Con carga viral <a 1000 copias,COL38,AP,42,RANGO ETARIO Y SEXO - 75 a 79 años - Hombres,RANGO ETARIO Y SEXO,75 a 79 años,Hombres,,,"['RANGO ETARIO Y SEXO', '75 a 79 años', 'Hombres']",16
P11,A,POBLACIÓN EN CONTROL DEL PROGRAMA DE VIH/SIDA (Uso exclusivo Centros de Atención VIH-SIDA),P11000190,N° Total de personas en TARV - Gestantes - Con carga viral <a 1000 copias,COL39,AQ,43,RANGO ETARIO Y SEXO - 75 a 79 años - Mujeres,RANGO ETARIO Y SEXO,75 a 79 años,Mujeres,,,"['RANGO ETARIO Y SEXO', '75 a 79 años', 'Mujeres']",16
P11,A,POBLACIÓN EN CONTROL DEL PROGRAMA DE VIH/SIDA (Uso exclusivo Centros de Atención VIH-SIDA),P11000190,N° Total de personas en TARV - Gestantes - Con carga viral <a 1000 copias,COL40,AR,44,RANGO ETARIO Y SEXO - 80 y más años - Hombres,RANGO ETARIO Y SEXO,80 y más años,Hombres,,,"['RANGO ETARIO Y SEXO', '80 y más años', 'Hombres']",16
P11,A,POBLACIÓN EN CONTROL DEL PROGRAMA DE VIH/SIDA (Uso exclusivo Centros de Atención VIH-SIDA),P11000190,N° Total de personas en TARV - Gestantes - Con carga viral <a 1000 copias,COL41,AS,45,RANGO ETARIO Y SEXO - 80 y más años - Mujeres,RANGO ETARIO Y SEXO,80 y más años,Mujeres,,,"['RANGO ETARIO Y SEXO', '80 y más años', 'Mujeres']",16
P11,A,POBLACIÓN EN CONTROL DEL PROGRAMA DE VIH/SIDA (Uso exclusivo Centros de Atención VIH-SIDA),P11000190,N° Total de personas en TARV - Gestantes - Con carga viral <a 1000 copias,COL42,AT,46,TRANS - Masculino,TRANS,Masculino,,,,"['TRANS', 'Masculino']",16
P11,A,POBLACIÓN EN CONTROL DEL PROGRAMA DE VIH/SIDA (Uso exclusivo Centros de Atención VIH-SIDA),P11000190,N° Total de personas en TARV - Gestantes - Con carga viral <a 1000 copias,COL43,AU,47,TRANS - Femenino,TRANS,Femenino,,,,"['TRANS', 'Femenino']",16
P11,A,POBLACIÓN EN CONTROL DEL PROGRAMA DE VIH/SIDA (Uso exclusivo Centros de Atención VIH-SIDA),P11000190,N° Total de personas en TARV - Gestantes - Con carga viral <a 1000 copias,COL44,AV,48,Pueblos Originarios,Pueblos Originarios,,,,,['Pueblos Originarios'],16
P11,A,POBLACIÓN EN CONTROL DEL PROGRAMA DE VIH/SIDA (Uso exclusivo Centros de Atención VIH-SIDA),P11000190,N° Total de personas en TARV - Gestantes - Con carga viral <a 1000 copias,COL45,AW,49,Migrantes,Migrantes,,,,,['Migrantes'],16
P11,A,POBLACIÓN EN CONTROL DEL PROGRAMA DE VIH/SIDA (Uso exclusivo Centros de Atención VIH-SIDA),P11000190,N° Total de personas en TARV - Gestantes - Con carga viral <a 1000 copias,COL46,AX,50,"Niños, Niñas, Adolescentes y Jóvenes SENAME","Niños, Niñas, Adolescentes y Jóvenes SENAME",,,,,"['Niños, Niñas, Adolescentes y Jóvenes SENAME']",16
P11,A,POBLACIÓN EN CONTROL DEL PROGRAMA DE VIH/SIDA (Uso exclusivo Centros de Atención VIH-SIDA),P11000190,N° Total de personas en TARV - Gestantes - Con carga viral <a 1000 copias,COL47,AY,51,"Niños, Niñas, Adolescentes y Jóvenes Mejor Niñez","Niños, Niñas, Adolescentes y Jóvenes Mejor Niñez",,,,,"['Niños, Niñas, Adolescentes y Jóvenes Mejor Niñez']",16
P11,A,POBLACIÓN EN CONTROL DEL PROGRAMA DE VIH/SIDA (Uso exclusivo Centros de Atención VIH-SIDA),P11000200,N° Total de personas en TARV - No Gestantes - Con carga viral <a 1000 copias,COL01,E,5,TOTAL - Ambos sexos,TOTAL,Ambos sexos,,,,"['TOTAL', 'Ambos sexos']",17
P11,A,POBLACIÓN EN CONTROL DEL PROGRAMA DE VIH/SIDA (Uso exclusivo Centros de Atención VIH-SIDA),P11000200,N° Total de personas en TARV - No Gestantes - Con carga viral <a 1000 copias,COL02,F,6,TOTAL - Hombres,TOTAL,Hombres,,,,"['TOTAL', 'Hombres']",17
P11,A,POBLACIÓN EN CONTROL DEL PROGRAMA DE VIH/SIDA (Uso exclusivo Centros de Atención VIH-SIDA),P11000200,N° Total de personas en TARV - No Gestantes - Con carga viral <a 1000 copias,COL03,G,7,TOTAL - Mujeres,TOTAL,Mujeres,,,,"['TOTAL', 'Mujeres']",17
P11,A,POBLACIÓN EN CONTROL DEL PROGRAMA DE VIH/SIDA (Uso exclusivo Centros de Atención VIH-SIDA),P11000200,N° Total de personas en TARV - No Gestantes - Con carga viral <a 1000 copias,COL04,H,8,RANGO ETARIO Y SEXO - Menor 1 Año - Hombres,RANGO ETARIO Y SEXO,Menor 1 Año,Hombres,,,"['RANGO ETARIO Y SEXO', 'Menor 1 Año', 'Hombres']",17
P11,A,POBLACIÓN EN CONTROL DEL PROGRAMA DE VIH/SIDA (Uso exclusivo Centros de Atención VIH-SIDA),P11000200,N° Total de personas en TARV - No Gestantes - Con carga viral <a 1000 copias,COL05,I,9,RANGO ETARIO Y SEXO - Menor 1 Año - Mujeres,RANGO ETARIO Y SEXO,Menor 1 Año,Mujeres,,,"['RANGO ETARIO Y SEXO', 'Menor 1 Año', 'Mujeres']",17
P11,A,POBLACIÓN EN CONTROL DEL PROGRAMA DE VIH/SIDA (Uso exclusivo Centros de Atención VIH-SIDA),P11000200,N° Total de personas en TARV - No Gestantes - Con carga viral <a 1000 copias,COL06,J,10,RANGO ETARIO Y SEXO - 1 año - Hombres,RANGO ETARIO Y SEXO,1 año,Hombres,,,"['RANGO ETARIO Y SEXO', '1 año', 'Hombres']",17
P11,A,POBLACIÓN EN CONTROL DEL PROGRAMA DE VIH/SIDA (Uso exclusivo Centros de Atención VIH-SIDA),P11000200,N° Total de personas en TARV - No Gestantes - Con carga viral <a 1000 copias,COL07,K,11,RANGO ETARIO Y SEXO - 1 año - Mujeres,RANGO ETARIO Y SEXO,1 año,Mujeres,,,"['RANGO ETARIO Y SEXO', '1 año', 'Mujeres']",17
P11,A,POBLACIÓN EN CONTROL DEL PROGRAMA DE VIH/SIDA (Uso exclusivo Centros de Atención VIH-SIDA),P11000200,N° Total de personas en TARV - No Gestantes - Con carga viral <a 1000 copias,COL08,L,12,RANGO ETARIO Y SEXO - 2 a 4 años - Hombres,RANGO ETARIO Y SEXO,2 a 4 años,Hombres,,,"['RANGO ETARIO Y SEXO', '2 a 4 años', 'Hombres']",17
P11,A,POBLACIÓN EN CONTROL DEL PROGRAMA DE VIH/SIDA (Uso exclusivo Centros de Atención VIH-SIDA),P11000200,N° Total de personas en TARV - No Gestantes - Con carga viral <a 1000 copias,COL09,M,13,RANGO ETARIO Y SEXO - 2 a 4 años - Mujeres,RANGO ETARIO Y SEXO,2 a 4 años,Mujeres,,,"['RANGO ETARIO Y SEXO', '2 a 4 años', 'Mujeres']",17
P11,A,POBLACIÓN EN CONTROL DEL PROGRAMA DE VIH/SIDA (Uso exclusivo Centros de Atención VIH-SIDA),P11000200,N° Total de personas en TARV - No Gestantes - Con carga viral <a 1000 copias,COL10,N,14,RANGO ETARIO Y SEXO - 5 a 9 años - Hombres,RANGO ETARIO Y SEXO,5 a 9 años,Hombres,,,"['RANGO ETARIO Y SEXO', '5 a 9 años', 'Hombres']",17
P11,A,POBLACIÓN EN CONTROL DEL PROGRAMA DE VIH/SIDA (Uso exclusivo Centros de Atención VIH-SIDA),P11000200,N° Total de personas en TARV - No Gestantes - Con carga viral <a 1000 copias,COL11,O,15,RANGO ETARIO Y SEXO - 5 a 9 años - Mujeres,RANGO ETARIO Y SEXO,5 a 9 años,Mujeres,,,"['RANGO ETARIO Y SEXO', '5 a 9 años', 'Mujeres']",17
P11,A,POBLACIÓN EN CONTROL DEL PROGRAMA DE VIH/SIDA (Uso exclusivo Centros de Atención VIH-SIDA),P11000200,N° Total de personas en TARV - No Gestantes - Con carga viral <a 1000 copias,COL12,P,16,RANGO ETARIO Y SEXO - 10 a 14 años - Hombres,RANGO ETARIO Y SEXO,10 a 14 años,Hombres,,,"['RANGO ETARIO Y SEXO', '10 a 14 años', 'Hombres']",17
P11,A,POBLACIÓN EN CONTROL DEL PROGRAMA DE VIH/SIDA (Uso exclusivo Centros de Atención VIH-SIDA),P11000200,N° Total de personas en TARV - No Gestantes - Con carga viral <a 1000 copias,COL13,Q,17,RANGO ETARIO Y SEXO - 10 a 14 años - Mujeres,RANGO ETARIO Y SEXO,10 a 14 años,Mujeres,,,"['RANGO ETARIO Y SEXO', '10 a 14 años', 'Mujeres']",17
P11,A,POBLACIÓN EN CONTROL DEL PROGRAMA DE VIH/SIDA (Uso exclusivo Centros de Atención VIH-SIDA),P11000200,N° Total de personas en TARV - No Gestantes - Con carga viral <a 1000 copias,COL14,R,18,RANGO ETARIO Y SEXO - 15 a 19 años - Hombres,RANGO ETARIO Y SEXO,15 a 19 años,Hombres,,,"['RANGO ETARIO Y SEXO', '15 a 19 años', 'Hombres']",17
P11,A,POBLACIÓN EN CONTROL DEL PROGRAMA DE VIH/SIDA (Uso exclusivo Centros de Atención VIH-SIDA),P11000200,N° Total de personas en TARV - No Gestantes - Con carga viral <a 1000 copias,COL15,S,19,RANGO ETARIO Y SEXO - 15 a 19 años - Mujeres,RANGO ETARIO Y SEXO,15 a 19 años,Mujeres,,,"['RANGO ETARIO Y SEXO', '15 a 19 años', 'Mujeres']",17
P11,A,POBLACIÓN EN CONTROL DEL PROGRAMA DE VIH/SIDA (Uso exclusivo Centros de Atención VIH-SIDA),P11000200,N° Total de personas en TARV - No Gestantes - Con carga viral <a 1000 copias,COL16,T,20,RANGO ETARIO Y SEXO - 20 a 24 años - Hombres,RANGO ETARIO Y SEXO,20 a 24 años,Hombres,,,"['RANGO ETARIO Y SEXO', '20 a 24 años', 'Hombres']",17
P11,A,POBLACIÓN EN CONTROL DEL PROGRAMA DE VIH/SIDA (Uso exclusivo Centros de Atención VIH-SIDA),P11000200,N° Total de personas en TARV - No Gestantes - Con carga viral <a 1000 copias,COL17,U,21,RANGO ETARIO Y SEXO - 20 a 24 años - Mujeres,RANGO ETARIO Y SEXO,20 a 24 años,Mujeres,,,"['RANGO ETARIO Y SEXO', '20 a 24 años', 'Mujeres']",17
P11,A,POBLACIÓN EN CONTROL DEL PROGRAMA DE VIH/SIDA (Uso exclusivo Centros de Atención VIH-SIDA),P11000200,N° Total de personas en TARV - No Gestantes - Con carga viral <a 1000 copias,COL18,V,22,RANGO ETARIO Y SEXO - 25 a 29 años - Hombres,RANGO ETARIO Y SEXO,25 a 29 años,Hombres,,,"['RANGO ETARIO Y SEXO', '25 a 29 años', 'Hombres']",17
P11,A,POBLACIÓN EN CONTROL DEL PROGRAMA DE VIH/SIDA (Uso exclusivo Centros de Atención VIH-SIDA),P11000200,N° Total de personas en TARV - No Gestantes - Con carga viral <a 1000 copias,COL19,W,23,RANGO ETARIO Y SEXO - 25 a 29 años - Mujeres,RANGO ETARIO Y SEXO,25 a 29 años,Mujeres,,,"['RANGO ETARIO Y SEXO', '25 a 29 años', 'Mujeres']",17
P11,A,POBLACIÓN EN CONTROL DEL PROGRAMA DE VIH/SIDA (Uso exclusivo Centros de Atención VIH-SIDA),P11000200,N° Total de personas en TARV - No Gestantes - Con carga viral <a 1000 copias,COL20,X,24,RANGO ETARIO Y SEXO - 30 a 34 años - Hombres,RANGO ETARIO Y SEXO,30 a 34 años,Hombres,,,"['RANGO ETARIO Y SEXO', '30 a 34 años', 'Hombres']",17
P11,A,POBLACIÓN EN CONTROL DEL PROGRAMA DE VIH/SIDA (Uso exclusivo Centros de Atención VIH-SIDA),P11000200,N° Total de personas en TARV - No Gestantes - Con carga viral <a 1000 copias,COL21,Y,25,RANGO ETARIO Y SEXO - 30 a 34 años - Mujeres,RANGO ETARIO Y SEXO,30 a 34 años,Mujeres,,,"['RANGO ETARIO Y SEXO', '30 a 34 años', 'Mujeres']",17
P11,A,POBLACIÓN EN CONTROL DEL PROGRAMA DE VIH/SIDA (Uso exclusivo Centros de Atención VIH-SIDA),P11000200,N° Total de personas en TARV - No Gestantes - Con carga viral <a 1000 copias,COL22,Z,26,RANGO ETARIO Y SEXO - 35 a 39 años - Hombres,RANGO ETARIO Y SEXO,35 a 39 años,Hombres,,,"['RANGO ETARIO Y SEXO', '35 a 39 años', 'Hombres']",17
P11,A,POBLACIÓN EN CONTROL DEL PROGRAMA DE VIH/SIDA (Uso exclusivo Centros de Atención VIH-SIDA),P11000200,N° Total de personas en TARV - No Gestantes - Con carga viral <a 1000 copias,COL23,AA,27,RANGO ETARIO Y SEXO - 35 a 39 años - Mujeres,RANGO ETARIO Y SEXO,35 a 39 años,Mujeres,,,"['RANGO ETARIO Y SEXO', '35 a 39 años', 'Mujeres']",17
P11,A,POBLACIÓN EN CONTROL DEL PROGRAMA DE VIH/SIDA (Uso exclusivo Centros de Atención VIH-SIDA),P11000200,N° Total de personas en TARV - No Gestantes - Con carga viral <a 1000 copias,COL24,AB,28,RANGO ETARIO Y SEXO - 40 a 44 años - Hombres,RANGO ETARIO Y SEXO,40 a 44 años,Hombres,,,"['RANGO ETARIO Y SEXO', '40 a 44 años', 'Hombres']",17
P11,A,POBLACIÓN EN CONTROL DEL PROGRAMA DE VIH/SIDA (Uso exclusivo Centros de Atención VIH-SIDA),P11000200,N° Total de personas en TARV - No Gestantes - Con carga viral <a 1000 copias,COL25,AC,29,RANGO ETARIO Y SEXO - 40 a 44 años - Mujeres,RANGO ETARIO Y SEXO,40 a 44 años,Mujeres,,,"['RANGO ETARIO Y SEXO', '40 a 44 años', 'Mujeres']",17
P11,A,POBLACIÓN EN CONTROL DEL PROGRAMA DE VIH/SIDA (Uso exclusivo Centros de Atención VIH-SIDA),P11000200,N° Total de personas en TARV - No Gestantes - Con carga viral <a 1000 copias,COL26,AD,30,RANGO ETARIO Y SEXO - 45 a 49 años - Hombres,RANGO ETARIO Y SEXO,45 a 49 años,Hombres,,,"['RANGO ETARIO Y SEXO', '45 a 49 años', 'Hombres']",17
P11,A,POBLACIÓN EN CONTROL DEL PROGRAMA DE VIH/SIDA (Uso exclusivo Centros de Atención VIH-SIDA),P11000200,N° Total de personas en TARV - No Gestantes - Con carga viral <a 1000 copias,COL27,AE,31,RANGO ETARIO Y SEXO - 45 a 49 años - Mujeres,RANGO ETARIO Y SEXO,45 a 49 años,Mujeres,,,"['RANGO ETARIO Y SEXO', '45 a 49 años', 'Mujeres']",17
P11,A,POBLACIÓN EN CONTROL DEL PROGRAMA DE VIH/SIDA (Uso exclusivo Centros de Atención VIH-SIDA),P11000200,N° Total de personas en TARV - No Gestantes - Con carga viral <a 1000 copias,COL28,AF,32,RANGO ETARIO Y SEXO - 50 a 54 años - Hombres,RANGO ETARIO Y SEXO,50 a 54 años,Hombres,,,"['RANGO ETARIO Y SEXO', '50 a 54 años', 'Hombres']",17
P11,A,POBLACIÓN EN CONTROL DEL PROGRAMA DE VIH/SIDA (Uso exclusivo Centros de Atención VIH-SIDA),P11000200,N° Total de personas en TARV - No Gestantes - Con carga viral <a 1000 copias,COL29,AG,33,RANGO ETARIO Y SEXO - 50 a 54 años - Mujeres,RANGO ETARIO Y SEXO,50 a 54 años,Mujeres,,,"['RANGO ETARIO Y SEXO', '50 a 54 años', 'Mujeres']",17
P11,A,POBLACIÓN EN CONTROL DEL PROGRAMA DE VIH/SIDA (Uso exclusivo Centros de Atención VIH-SIDA),P11000200,N° Total de personas en TARV - No Gestantes - Con carga viral <a 1000 copias,COL30,AH,34,RANGO ETARIO Y SEXO - 55 a 59 años - Hombres,RANGO ETARIO Y SEXO,55 a 59 años,Hombres,,,"['RANGO ETARIO Y SEXO', '55 a 59 años', 'Hombres']",17
P11,A,POBLACIÓN EN CONTROL DEL PROGRAMA DE VIH/SIDA (Uso exclusivo Centros de Atención VIH-SIDA),P11000200,N° Total de personas en TARV - No Gestantes - Con carga viral <a 1000 copias,COL31,AI,35,RANGO ETARIO Y SEXO - 55 a 59 años - Mujeres,RANGO ETARIO Y SEXO,55 a 59 años,Mujeres,,,"['RANGO ETARIO Y SEXO', '55 a 59 años', 'Mujeres']",17
P11,A,POBLACIÓN EN CONTROL DEL PROGRAMA DE VIH/SIDA (Uso exclusivo Centros de Atención VIH-SIDA),P11000200,N° Total de personas en TARV - No Gestantes - Con carga viral <a 1000 copias,COL32,AJ,36,RANGO ETARIO Y SEXO - 60 a 64 años - Hombres,RANGO ETARIO Y SEXO,60 a 64 años,Hombres,,,"['RANGO ETARIO Y SEXO', '60 a 64 años', 'Hombres']",17
P11,A,POBLACIÓN EN CONTROL DEL PROGRAMA DE VIH/SIDA (Uso exclusivo Centros de Atención VIH-SIDA),P11000200,N° Total de personas en TARV - No Gestantes - Con carga viral <a 1000 copias,COL33,AK,37,RANGO ETARIO Y SEXO - 60 a 64 años - Mujeres,RANGO ETARIO Y SEXO,60 a 64 años,Mujeres,,,"['RANGO ETARIO Y SEXO', '60 a 64 años', 'Mujeres']",17
P11,A,POBLACIÓN EN CONTROL DEL PROGRAMA DE VIH/SIDA (Uso exclusivo Centros de Atención VIH-SIDA),P11000200,N° Total de personas en TARV - No Gestantes - Con carga viral <a 1000 copias,COL34,AL,38,RANGO ETARIO Y SEXO - 65 a 69 años - Hombres,RANGO ETARIO Y SEXO,65 a 69 años,Hombres,,,"['RANGO ETARIO Y SEXO', '65 a 69 años', 'Hombres']",17
P11,A,POBLACIÓN EN CONTROL DEL PROGRAMA DE VIH/SIDA (Uso exclusivo Centros de Atención VIH-SIDA),P11000200,N° Total de personas en TARV - No Gestantes - Con carga viral <a 1000 copias,COL35,AM,39,RANGO ETARIO Y SEXO - 65 a 69 años - Mujeres,RANGO ETARIO Y SEXO,65 a 69 años,Mujeres,,,"['RANGO ETARIO Y SEXO', '65 a 69 años', 'Mujeres']",17
P11,A,POBLACIÓN EN CONTROL DEL PROGRAMA DE VIH/SIDA (Uso exclusivo Centros de Atención VIH-SIDA),P11000200,N° Total de personas en TARV - No Gestantes - Con carga viral <a 1000 copias,COL36,AN,40,RANGO ETARIO Y SEXO - 70 a 74 años - Hombres,RANGO ETARIO Y SEXO,70 a 74 años,Hombres,,,"['RANGO ETARIO Y SEXO', '70 a 74 años', 'Hombres']",17
P11,A,POBLACIÓN EN CONTROL DEL PROGRAMA DE VIH/SIDA (Uso exclusivo Centros de Atención VIH-SIDA),P11000200,N° Total de personas en TARV - No Gestantes - Con carga viral <a 1000 copias,COL37,AO,41,RANGO ETARIO Y SEXO - 70 a 74 años - Mujeres,RANGO ETARIO Y SEXO,70 a 74 años,Mujeres,,,"['RANGO ETARIO Y SEXO', '70 a 74 años', 'Mujeres']",17
P11,A,POBLACIÓN EN CONTROL DEL PROGRAMA DE VIH/SIDA (Uso exclusivo Centros de Atención VIH-SIDA),P11000200,N° Total de personas en TARV - No Gestantes - Con carga viral <a 1000 copias,COL38,AP,42,RANGO ETARIO Y SEXO - 75 a 79 años - Hombres,RANGO ETARIO Y SEXO,75 a 79 años,Hombres,,,"['RANGO ETARIO Y SEXO', '75 a 79 años', 'Hombres']",17
P11,A,POBLACIÓN EN CONTROL DEL PROGRAMA DE VIH/SIDA (Uso exclusivo Centros de Atención VIH-SIDA),P11000200,N° Total de personas en TARV - No Gestantes - Con carga viral <a 1000 copias,COL39,AQ,43,RANGO ETARIO Y SEXO - 75 a 79 años - Mujeres,RANGO ETARIO Y SEXO,75 a 79 años,Mujeres,,,"['RANGO ETARIO Y SEXO', '75 a 79 años', 'Mujeres']",17
P11,A,POBLACIÓN EN CONTROL DEL PROGRAMA DE VIH/SIDA (Uso exclusivo Centros de Atención VIH-SIDA),P11000200,N° Total de personas en TARV - No Gestantes - Con carga viral <a 1000 copias,COL40,AR,44,RANGO ETARIO Y SEXO - 80 y más años - Hombres,RANGO ETARIO Y SEXO,80 y más años,Hombres,,,"['RANGO ETARIO Y SEXO', '80 y más años', 'Hombres']",17
P11,A,POBLACIÓN EN CONTROL DEL PROGRAMA DE VIH/SIDA (Uso exclusivo Centros de Atención VIH-SIDA),P11000200,N° Total de personas en TARV - No Gestantes - Con carga viral <a 1000 copias,COL41,AS,45,RANGO ETARIO Y SEXO - 80 y más años - Mujeres,RANGO ETARIO Y SEXO,80 y más años,Mujeres,,,"['RANGO ETARIO Y SEXO', '80 y más años', 'Mujeres']",17
P11,A,POBLACIÓN EN CONTROL DEL PROGRAMA DE VIH/SIDA (Uso exclusivo Centros de Atención VIH-SIDA),P11000200,N° Total de personas en TARV - No Gestantes - Con carga viral <a 1000 copias,COL42,AT,46,TRANS - Masculino,TRANS,Masculino,,,,"['TRANS', 'Masculino']",17
P11,A,POBLACIÓN EN CONTROL DEL PROGRAMA DE VIH/SIDA (Uso exclusivo Centros de Atención VIH-SIDA),P11000200,N° Total de personas en TARV - No Gestantes - Con carga viral <a 1000 copias,COL43,AU,47,TRANS - Femenino,TRANS,Femenino,,,,"['TRANS', 'Femenino']",17
P11,A,POBLACIÓN EN CONTROL DEL PROGRAMA DE VIH/SIDA (Uso exclusivo Centros de Atención VIH-SIDA),P11000200,N° Total de personas en TARV - No Gestantes - Con carga viral <a 1000 copias,COL44,AV,48,Pueblos Originarios,Pueblos Originarios,,,,,['Pueblos Originarios'],17
P11,A,POBLACIÓN EN CONTROL DEL PROGRAMA DE VIH/SIDA (Uso exclusivo Centros de Atención VIH-SIDA),P11000200,N° Total de personas en TARV - No Gestantes - Con carga viral <a 1000 copias,COL45,AW,49,Migrantes,Migrantes,,,,,['Migrantes'],17
P11,A,POBLACIÓN EN CONTROL DEL PROGRAMA DE VIH/SIDA (Uso exclusivo Centros de Atención VIH-SIDA),P11000200,N° Total de personas en TARV - No Gestantes - Con carga viral <a 1000 copias,COL46,AX,50,"Niños, Niñas, Adolescentes y Jóvenes SENAME","Niños, Niñas, Adolescentes y Jóvenes SENAME",,,,,"['Niños, Niñas, Adolescentes y Jóvenes SENAME']",17
P11,A,POBLACIÓN EN CONTROL DEL PROGRAMA DE VIH/SIDA (Uso exclusivo Centros de Atención VIH-SIDA),P11000200,N° Total de personas en TARV - No Gestantes - Con carga viral <a 1000 copias,COL47,AY,51,"Niños, Niñas, Adolescentes y Jóvenes Mejor Niñez","Niños, Niñas, Adolescentes y Jóvenes Mejor Niñez",,,,,"['Niños, Niñas, Adolescentes y Jóvenes Mejor Niñez']",17
P11,B,POBLACIÓN EN CONTROL POR COMERCIO SEXUAL (Uso exclusivo de Unidades Control Comercio Sexual),P11000140,Nº de personas / Comercio Sexual,COL01,C,3,TOTAL - Ambos sexos,TOTAL,Ambos sexos,,,,"['TOTAL', 'Ambos sexos']",22
P11,B,POBLACIÓN EN CONTROL POR COMERCIO SEXUAL (Uso exclusivo de Unidades Control Comercio Sexual),P11000140,Nº de personas / Comercio Sexual,COL02,D,4,TOTAL - Hombres,TOTAL,Hombres,,,,"['TOTAL', 'Hombres']",22
P11,B,POBLACIÓN EN CONTROL POR COMERCIO SEXUAL (Uso exclusivo de Unidades Control Comercio Sexual),P11000140,Nº de personas / Comercio Sexual,COL03,E,5,TOTAL - Mujeres,TOTAL,Mujeres,,,,"['TOTAL', 'Mujeres']",22
P11,B,POBLACIÓN EN CONTROL POR COMERCIO SEXUAL (Uso exclusivo de Unidades Control Comercio Sexual),P11000140,Nº de personas / Comercio Sexual,COL04,F,6,RANGO ETARIO Y SEXO - 15 a 19 años - Hombres,RANGO ETARIO Y SEXO,15 a 19 años,Hombres,,,"['RANGO ETARIO Y SEXO', '15 a 19 años', 'Hombres']",22
P11,B,POBLACIÓN EN CONTROL POR COMERCIO SEXUAL (Uso exclusivo de Unidades Control Comercio Sexual),P11000140,Nº de personas / Comercio Sexual,COL05,G,7,RANGO ETARIO Y SEXO - 15 a 19 años - Mujeres,RANGO ETARIO Y SEXO,15 a 19 años,Mujeres,,,"['RANGO ETARIO Y SEXO', '15 a 19 años', 'Mujeres']",22
P11,B,POBLACIÓN EN CONTROL POR COMERCIO SEXUAL (Uso exclusivo de Unidades Control Comercio Sexual),P11000140,Nº de personas / Comercio Sexual,COL06,H,8,RANGO ETARIO Y SEXO - 20 a 24 años - Hombres,RANGO ETARIO Y SEXO,20 a 24 años,Hombres,,,"['RANGO ETARIO Y SEXO', '20 a 24 años', 'Hombres']",22
P11,B,POBLACIÓN EN CONTROL POR COMERCIO SEXUAL (Uso exclusivo de Unidades Control Comercio Sexual),P11000140,Nº de personas / Comercio Sexual,COL07,I,9,RANGO ETARIO Y SEXO - 20 a 24 años - Mujeres,RANGO ETARIO Y SEXO,20 a 24 años,Mujeres,,,"['RANGO ETARIO Y SEXO', '20 a 24 años', 'Mujeres']",22
P11,B,POBLACIÓN EN CONTROL POR COMERCIO SEXUAL (Uso exclusivo de Unidades Control Comercio Sexual),P11000140,Nº de personas / Comercio Sexual,COL08,J,10,RANGO ETARIO Y SEXO - 25 a 29 años - Hombres,RANGO ETARIO Y SEXO,25 a 29 años,Hombres,,,"['RANGO ETARIO Y SEXO', '25 a 29 años', 'Hombres']",22
P11,B,POBLACIÓN EN CONTROL POR COMERCIO SEXUAL (Uso exclusivo de Unidades Control Comercio Sexual),P11000140,Nº de personas / Comercio Sexual,COL09,K,11,RANGO ETARIO Y SEXO - 25 a 29 años - Mujeres,RANGO ETARIO Y SEXO,25 a 29 años,Mujeres,,,"['RANGO ETARIO Y SEXO', '25 a 29 años', 'Mujeres']",22
P11,B,POBLACIÓN EN CONTROL POR COMERCIO SEXUAL (Uso exclusivo de Unidades Control Comercio Sexual),P11000140,Nº de personas / Comercio Sexual,COL10,L,12,RANGO ETARIO Y SEXO - 30 a 34 años - Hombres,RANGO ETARIO Y SEXO,30 a 34 años,Hombres,,,"['RANGO ETARIO Y SEXO', '30 a 34 años', 'Hombres']",22
P11,B,POBLACIÓN EN CONTROL POR COMERCIO SEXUAL (Uso exclusivo de Unidades Control Comercio Sexual),P11000140,Nº de personas / Comercio Sexual,COL11,M,13,RANGO ETARIO Y SEXO - 30 a 34 años - Mujeres,RANGO ETARIO Y SEXO,30 a 34 años,Mujeres,,,"['RANGO ETARIO Y SEXO', '30 a 34 años', 'Mujeres']",22
P11,B,POBLACIÓN EN CONTROL POR COMERCIO SEXUAL (Uso exclusivo de Unidades Control Comercio Sexual),P11000140,Nº de personas / Comercio Sexual,COL12,N,14,RANGO ETARIO Y SEXO - 35 a 39 años - Hombres,RANGO ETARIO Y SEXO,35 a 39 años,Hombres,,,"['RANGO ETARIO Y SEXO', '35 a 39 años', 'Hombres']",22
P11,B,POBLACIÓN EN CONTROL POR COMERCIO SEXUAL (Uso exclusivo de Unidades Control Comercio Sexual),P11000140,Nº de personas / Comercio Sexual,COL13,O,15,RANGO ETARIO Y SEXO - 35 a 39 años - Mujeres,RANGO ETARIO Y SEXO,35 a 39 años,Mujeres,,,"['RANGO ETARIO Y SEXO', '35 a 39 años', 'Mujeres']",22
P11,B,POBLACIÓN EN CONTROL POR COMERCIO SEXUAL (Uso exclusivo de Unidades Control Comercio Sexual),P11000140,Nº de personas / Comercio Sexual,COL14,P,16,RANGO ETARIO Y SEXO - 40 a 44 años - Hombres,RANGO ETARIO Y SEXO,40 a 44 años,Hombres,,,"['RANGO ETARIO Y SEXO', '40 a 44 años', 'Hombres']",22
P11,B,POBLACIÓN EN CONTROL POR COMERCIO SEXUAL (Uso exclusivo de Unidades Control Comercio Sexual),P11000140,Nº de personas / Comercio Sexual,COL15,Q,17,RANGO ETARIO Y SEXO - 40 a 44 años - Mujeres,RANGO ETARIO Y SEXO,40 a 44 años,Mujeres,,,"['RANGO ETARIO Y SEXO', '40 a 44 años', 'Mujeres']",22
P11,B,POBLACIÓN EN CONTROL POR COMERCIO SEXUAL (Uso exclusivo de Unidades Control Comercio Sexual),P11000140,Nº de personas / Comercio Sexual,COL16,R,18,RANGO ETARIO Y SEXO - 45 a 49 años - Hombres,RANGO ETARIO Y SEXO,45 a 49 años,Hombres,,,"['RANGO ETARIO Y SEXO', '45 a 49 años', 'Hombres']",22
P11,B,POBLACIÓN EN CONTROL POR COMERCIO SEXUAL (Uso exclusivo de Unidades Control Comercio Sexual),P11000140,Nº de personas / Comercio Sexual,COL17,S,19,RANGO ETARIO Y SEXO - 45 a 49 años - Mujeres,RANGO ETARIO Y SEXO,45 a 49 años,Mujeres,,,"['RANGO ETARIO Y SEXO', '45 a 49 años', 'Mujeres']",22
P11,B,POBLACIÓN EN CONTROL POR COMERCIO SEXUAL (Uso exclusivo de Unidades Control Comercio Sexual),P11000140,Nº de personas / Comercio Sexual,COL18,T,20,RANGO ETARIO Y SEXO - 50 a 54 años - Hombres,RANGO ETARIO Y SEXO,50 a 54 años,Hombres,,,"['RANGO ETARIO Y SEXO', '50 a 54 años', 'Hombres']",22
P11,B,POBLACIÓN EN CONTROL POR COMERCIO SEXUAL (Uso exclusivo de Unidades Control Comercio Sexual),P11000140,Nº de personas / Comercio Sexual,COL19,U,21,RANGO ETARIO Y SEXO - 50 a 54 años - Mujeres,RANGO ETARIO Y SEXO,50 a 54 años,Mujeres,,,"['RANGO ETARIO Y SEXO', '50 a 54 años', 'Mujeres']",22
P11,B,POBLACIÓN EN CONTROL POR COMERCIO SEXUAL (Uso exclusivo de Unidades Control Comercio Sexual),P11000140,Nº de personas / Comercio Sexual,COL20,V,22,RANGO ETARIO Y SEXO - 55 a 59 años - Hombres,RANGO ETARIO Y SEXO,55 a 59 años,Hombres,,,"['RANGO ETARIO Y SEXO', '55 a 59 años', 'Hombres']",22
P11,B,POBLACIÓN EN CONTROL POR COMERCIO SEXUAL (Uso exclusivo de Unidades Control Comercio Sexual),P11000140,Nº de personas / Comercio Sexual,COL21,W,23,RANGO ETARIO Y SEXO - 55 a 59 años - Mujeres,RANGO ETARIO Y SEXO,55 a 59 años,Mujeres,,,"['RANGO ETARIO Y SEXO', '55 a 59 años', 'Mujeres']",22
P11,B,POBLACIÓN EN CONTROL POR COMERCIO SEXUAL (Uso exclusivo de Unidades Control Comercio Sexual),P11000140,Nº de personas / Comercio Sexual,COL22,X,24,RANGO ETARIO Y SEXO - 60 a 64 años - Hombres,RANGO ETARIO Y SEXO,60 a 64 años,Hombres,,,"['RANGO ETARIO Y SEXO', '60 a 64 años', 'Hombres']",22
P11,B,POBLACIÓN EN CONTROL POR COMERCIO SEXUAL (Uso exclusivo de Unidades Control Comercio Sexual),P11000140,Nº de personas / Comercio Sexual,COL23,Y,25,RANGO ETARIO Y SEXO - 60 a 64 años - Mujeres,RANGO ETARIO Y SEXO,60 a 64 años,Mujeres,,,"['RANGO ETARIO Y SEXO', '60 a 64 años', 'Mujeres']",22
P11,B,POBLACIÓN EN CONTROL POR COMERCIO SEXUAL (Uso exclusivo de Unidades Control Comercio Sexual),P11000140,Nº de personas / Comercio Sexual,COL24,Z,26,RANGO ETARIO Y SEXO - 65 a 69 años - Hombres,RANGO ETARIO Y SEXO,65 a 69 años,Hombres,,,"['RANGO ETARIO Y SEXO', '65 a 69 años', 'Hombres']",22
P11,B,POBLACIÓN EN CONTROL POR COMERCIO SEXUAL (Uso exclusivo de Unidades Control Comercio Sexual),P11000140,Nº de personas / Comercio Sexual,COL25,AA,27,RANGO ETARIO Y SEXO - 65 a 69 años - Mujeres,RANGO ETARIO Y SEXO,65 a 69 años,Mujeres,,,"['RANGO ETARIO Y SEXO', '65 a 69 años', 'Mujeres']",22
P11,B,POBLACIÓN EN CONTROL POR COMERCIO SEXUAL (Uso exclusivo de Unidades Control Comercio Sexual),P11000140,Nº de personas / Comercio Sexual,COL26,AB,28,RANGO ETARIO Y SEXO - 70 a 74 años - Hombres,RANGO ETARIO Y SEXO,70 a 74 años,Hombres,,,"['RANGO ETARIO Y SEXO', '70 a 74 años', 'Hombres']",22
P11,B,POBLACIÓN EN CONTROL POR COMERCIO SEXUAL (Uso exclusivo de Unidades Control Comercio Sexual),P11000140,Nº de personas / Comercio Sexual,COL27,AC,29,RANGO ETARIO Y SEXO - 70 a 74 años - Mujeres,RANGO ETARIO Y SEXO,70 a 74 años,Mujeres,,,"['RANGO ETARIO Y SEXO', '70 a 74 años', 'Mujeres']",22
P11,B,POBLACIÓN EN CONTROL POR COMERCIO SEXUAL (Uso exclusivo de Unidades Control Comercio Sexual),P11000140,Nº de personas / Comercio Sexual,COL28,AD,30,RANGO ETARIO Y SEXO - 75 a 79 años - Hombres,RANGO ETARIO Y SEXO,75 a 79 años,Hombres,,,"['RANGO ETARIO Y SEXO', '75 a 79 años', 'Hombres']",22
P11,B,POBLACIÓN EN CONTROL POR COMERCIO SEXUAL (Uso exclusivo de Unidades Control Comercio Sexual),P11000140,Nº de personas / Comercio Sexual,COL29,AE,31,RANGO ETARIO Y SEXO - 75 a 79 años - Mujeres,RANGO ETARIO Y SEXO,75 a 79 años,Mujeres,,,"['RANGO ETARIO Y SEXO', '75 a 79 años', 'Mujeres']",22
P11,B,POBLACIÓN EN CONTROL POR COMERCIO SEXUAL (Uso exclusivo de Unidades Control Comercio Sexual),P11000140,Nº de personas / Comercio Sexual,COL30,AF,32,RANGO ETARIO Y SEXO - 80 y más años - Hombres,RANGO ETARIO Y SEXO,80 y más años,Hombres,,,"['RANGO ETARIO Y SEXO', '80 y más años', 'Hombres']",22
P11,B,POBLACIÓN EN CONTROL POR COMERCIO SEXUAL (Uso exclusivo de Unidades Control Comercio Sexual),P11000140,Nº de personas / Comercio Sexual,COL31,AG,33,RANGO ETARIO Y SEXO - 80 y más años - Mujeres,RANGO ETARIO Y SEXO,80 y más años,Mujeres,,,"['RANGO ETARIO Y SEXO', '80 y más años', 'Mujeres']",22
P11,B,POBLACIÓN EN CONTROL POR COMERCIO SEXUAL (Uso exclusivo de Unidades Control Comercio Sexual),P11000140,Nº de personas / Comercio Sexual,COL32,AH,34,TRANS - Masculino,TRANS,Masculino,,,,"['TRANS', 'Masculino']",22
P11,B,POBLACIÓN EN CONTROL POR COMERCIO SEXUAL (Uso exclusivo de Unidades Control Comercio Sexual),P11000140,Nº de personas / Comercio Sexual,COL33,AI,35,TRANS - Femenino,TRANS,Femenino,,,,"['TRANS', 'Femenino']",22
P11,B,POBLACIÓN EN CONTROL POR COMERCIO SEXUAL (Uso exclusivo de Unidades Control Comercio Sexual),P11000140,Nº de personas / Comercio Sexual,COL34,AJ,36,Pueblos Originarios,Pueblos Originarios,,,,,['Pueblos Originarios'],22
P11,B,POBLACIÓN EN CONTROL POR COMERCIO SEXUAL (Uso exclusivo de Unidades Control Comercio Sexual),P11000140,Nº de personas / Comercio Sexual,COL35,AK,37,Migrantes,Migrantes,,,,,['Migrantes'],22
